"","species_name","ability_to_fly","GhAhSkew","fAn","fGn"
"Acanthisitta_chloris","Acanthisitta_chloris","Flying","0.52877782840357","0.128264755500151","0.41572208171675"
"Acanthorhynchus_tenuirostris","Acanthorhynchus_tenuirostris","Flying","0.434836602294101","0.154052126600878","0.388431595983286"
"Accipiter_gentilis","Accipiter_gentilis","Flying","0.524645387858872","0.122143837259183","0.388405577499037"
"Accipiter_nisus","Accipiter_nisus","Flying","0.431311464490703","0.14559531702954","0.360971472863488"
"Accipiter_trivirgatus","Accipiter_trivirgatus","Flying","0.489543878424423","0.138766043571655","0.401455910186278"
"Accipiter_virgatus","Accipiter_virgatus","Flying","0.597351499888493","0.102518616073401","0.410364847186137"
"Aceros_waldeni","Aceros_waldeni","Flying","0.594925443987107","0.104747082425633","0.409772333403031"
"Acridotheres_cristatellus","Acridotheres_cristatellus","Flying","0.657272218064666","0.0826130984682742","0.400567183055348"
"Acridotheres_tristis","Acridotheres_tristis","Flying","0.640157112190407","0.0884028381918262","0.402591457561995"
"Acrocephalus_scirpaceus","Acrocephalus_scirpaceus","Flying","0.661235333948303","0.0787806199447127","0.384088827732441"
"Aegithalos_fuliginosus","Aegithalos_fuliginosus","Flying","0.415851954102812","0.15320560532552","0.375508508397806"
"Aegotheles_bennettii","Aegotheles_bennettii","Flying","0.39370825254329","0.151724026872759","0.350087469377988"
"Aegotheles_cristatus","Aegotheles_cristatus","Flying","0.408340401923011","0.151184552754425","0.359332244919903"
"Aethia_cristatella","Aethia_cristatella","Flying","0.391137330176681","0.150303843942795","0.338365351065145"
"Aethopyga_gouldiae","Aethopyga_gouldiae","Flying","0.547267581714157","0.10280875937876","0.346827628670166"
"Agapornis_lilianae","Agapornis_lilianae","Flying","0.67555382174425","0.088678691549692","0.460438295642164"
"Agapornis_nigrigenis","Agapornis_nigrigenis","Flying","0.673376837467012","0.0893492479382881","0.460295868564827"
"Agapornis_roseicollis","Agapornis_roseicollis","Flying","0.668822865661875","0.0930754430039083","0.468166441060716"
"Agelaioides_badius","Agelaioides_badius","Flying","0.467913555579975","0.141116084636511","0.374923547082091"
"Agelaius_phoeniceus","Agelaius_phoeniceus","Flying","0.448669014778645","0.14426808822484","0.373903057003115"
"Agelasticus_cyanopus","Agelasticus_cyanopus","Flying","0.520853096189947","0.123064140287021","0.384253000261475"
"Agelasticus_thilius","Agelasticus_thilius","Flying","0.47662415036211","0.133253975454149","0.372324205997417"
"Agelasticus_xanthophthalmus","Agelasticus_xanthophthalmus","Flying","0.517765924208748","0.123703929001365","0.38338862980362"
"Aix_galericulata","Aix_galericulata","Flying","0.657858811321434","0.0847087740826603","0.408832501347721"
"Alauda_arvensis","Alauda_arvensis","Flying","0.632391781176401","0.103195061450035","0.458505611563785"
"Alcedo_atthis","Alcedo_atthis","Flying","0.386509177117416","0.16451551551073","0.373583636575914"
"Aleadryas_rufinucha","Aleadryas_rufinucha","Flying","0.374818057202351","0.131086349403861","0.291145245121399"
"Alectoris_chukar","Alectoris_chukar","Flying","0.473880567507361","0.141241237111778","0.392364741876929"
"Amaurornis_akool","Amaurornis_akool","Flying","0.37029831814198","0.146164122430476","0.315708897313479"
"Amaurornis_phoenicurus","Amaurornis_phoenicurus","Flying","0.29932719248018","0.156729037932703","0.288289643558811"
"Amazilia_brevirostris","Amazilia_brevirostris","Flying","0.542600028262494","0.112779299967202","0.37691573752515"
"Amazilia_versicolor","Amazilia_versicolor","Flying","0.524170232305113","0.117315413170525","0.372830703104868"
"Amazona_aestiva","Amazona_aestiva","Flying","0.613822306753315","0.0934418952102668","0.386609384969301"
"Amazona_guildingii","Amazona_guildingii","Flying","0.556559769229904","0.108201164414978","0.377888707559583"
"Amazona_ochrocephala","Amazona_ochrocephala","Flying","0.611745401200038","0.0936335583189837","0.386856277849307"
"Amazona_ventralis","Amazona_ventralis","Flying","0.618843103470277","0.0934667730083383","0.394722599330202"
"Amblyramphus_holosericeus","Amblyramphus_holosericeus","Flying","0.47290510699775","0.138309719556101","0.380433373004987"
"Anas_acuta","Anas_acuta","Flying","0.670237986060761","0.0799321818911991","0.405187807353063"
"Anas_crecca","Anas_crecca","Flying","0.651796557509087","0.085371253709188","0.403951849344363"
"Anas_platyrhynchos","Anas_platyrhynchos","Flying","0.658874800105275","0.0824580993014639","0.401067600316682"
"Anas_poecilorhyncha","Anas_poecilorhyncha","Flying","0.65706939172975","0.0829655484866308","0.401377705808954"
"Anhinga_melanogaster","Anhinga_melanogaster","Flying","0.543706536890661","0.11050061114265","0.377795284296849"
"Anser_albifrons","Anser_albifrons","Flying","0.650032921360047","0.0846154820735883","0.395620227948583"
"Anser_anser","Anser_anser","Flying","0.629613161275672","0.0886721182622355","0.387540160673593"
"Anser_cygnoides","Anser_cygnoides","Flying","0.634733987317807","0.0875229206801421","0.388540191440166"
"Anser_indicus","Anser_indicus","Flying","0.633681148044137","0.0878360640990463","0.388865166000696"
"Anseranas_semipalmata","Anseranas_semipalmata","Flying","0.465689087222316","0.131565498954185","0.359171009003528"
"Anthoscopus_minutus","Anthoscopus_minutus","Flying","0.701860184166492","0.087024998933278","0.491733910788409"
"Anthracoceros_coronatus","Anthracoceros_coronatus","Flying","0.617323059280667","0.105590076450318","0.437612974672439"
"Anthus_novaeseelandiae","Anthus_novaeseelandiae","Flying","0.556832084646484","0.120485757711231","0.418349361320484"
"Aphelocoma_coerulescens","Aphelocoma_coerulescens","Flying","0.33654977576513","0.163372374978386","0.323378515556647"
"Aptenodytes_forsteri","Aptenodytes_forsteri","Sphenisciformes","0.634291309276693","0.0946153211268689","0.427919002643836"
"Aptenodytes_patagonicus","Aptenodytes_patagonicus","Sphenisciformes","0.619201040668782","0.0977425851656966","0.416879787582231"
"Apteryx_haastii","Apteryx_haastii","Apterygiformes","0.317573534458785","0.174956491754976","0.335266347262665"
"Apus_apus","Apus_apus","Flying","0.432603150107403","0.14751966658874","0.37252041854016"
"Aquila_chrysaetos","Aquila_chrysaetos","Flying","0.559226934641583","0.11678139567361","0.413826612365116"
"Aquila_heliaca","Aquila_heliaca","Flying","0.547361546114317","0.12017453031721","0.413387721163641"
"Aquila_nipalensis","Aquila_nipalensis","Flying","0.52999148355983","0.125015158417045","0.403045575265262"
"Ara_ararauna","Ara_ararauna","Flying","0.500707634947808","0.126856957635922","0.386911272910319"
"Ara_chloropterus","Ara_chloropterus","Flying","0.491430914562371","0.129321178586763","0.380642690427021"
"Ara_glaucogularis","Ara_glaucogularis","Flying","0.46764171301375","0.137395659988779","0.379982190286068"
"Ara_macao","Ara_macao","Flying","0.481734726436978","0.130793253456431","0.375436852506168"
"Ara_militaris","Ara_militaris","Flying","0.518726295563737","0.122331508336537","0.385725892412354"
"Aramus_guarauna","Aramus_guarauna","Flying","0.604153015302586","0.0969753129434466","0.392517508443686"
"Aratinga_solstitialis","Aratinga_solstitialis","Flying","0.461586357036783","0.138510675245474","0.376843769198268"
"Archilochus_colubris","Archilochus_colubris","Flying","0.43482746294635","0.13753009609784","0.352143294195456"
"Ardea_cinerea","Ardea_cinerea","Flying","0.472168949572978","0.13748274035553","0.383809132607714"
"Ardea_insignis","Ardea_insignis","Flying","0.422717844434669","0.147009183286481","0.364867101224417"
"Ardea_purpurea","Ardea_purpurea","Flying","0.455781289726698","0.14088905722166","0.375626204579163"
"Ardeola_bacchus","Ardeola_bacchus","Flying","0.533301340570534","0.115794773877472","0.381441073933273"
"Ardeotis_kori","Ardeotis_kori","Flying","0.430277103935393","0.151150465065602","0.380940543402428"
"Arenaria_interpres","Arenaria_interpres","Flying","0.371495274842313","0.168663313493711","0.354440688977197"
"Arremon_aurantiirostris","Arremon_aurantiirostris","Flying","0.521017482633014","0.127826425991831","0.403341951340849"
"Artamus_cinereus","Artamus_cinereus","Flying","0.40334113693972","0.140285273317547","0.330382103514568"
"Asio_flammeus","Asio_flammeus","Flying","0.424099244562268","0.15368291378589","0.379289418572095"
"Asio_otus","Asio_otus","Flying","0.580742343407681","0.109706130918578","0.412433588606126"
"Atlantisia_rogersi","Atlantisia_rogersi","Gruiformes","0.350512382130772","0.139204899015714","0.288747749279529"
"Atrichornis_clamosus","Atrichornis_clamosus","Flying","0.300667310168694","0.171280442101144","0.312579869250852"
"Aythya_americana","Aythya_americana","Flying","0.633400332609192","0.0883992660287301","0.395169032104253"
"Aythya_baeri","Aythya_baeri","Flying","0.633335203318345","0.0886371863521638","0.394850475569502"
"Aythya_ferina","Aythya_ferina","Flying","0.63990744582136","0.0877618015359057","0.399893409209521"
"Aythya_fuligula","Aythya_fuligula","Flying","0.645312047725","0.0872895764855171","0.404297611197273"
"Balearica_pavonina","Balearica_pavonina","Flying","0.521487075919677","0.119663009608602","0.376436426819422"
"Balearica_regulorum","Balearica_regulorum","Flying","0.488642663316037","0.126118682390284","0.364898932288376"
"Bombycilla_garrulus","Bombycilla_garrulus","Flying","0.257303583115566","0.177290943303986","0.296637778191251"
"Botaurus_stellaris","Botaurus_stellaris","Flying","0.54331571294453","0.119704512863315","0.398966838593667"
"Brachypteracias_leptosomus","Brachypteracias_leptosomus","Flying","0.578472460127715","0.117196971569546","0.434877711196988"
"Branta_canadensis","Branta_canadensis","Flying","0.544517887459751","0.10605253693963","0.360352377319068"
"Brotogeris_cyanoptera","Brotogeris_cyanoptera","Flying","0.57886376563913","0.107655024161224","0.404564757319217"
"Bubo_bubo","Bubo_bubo","Flying","0.650086901107713","0.0933363223231256","0.441392972023812"
"Bubulcus_ibis","Bubulcus_ibis","Flying","0.470972941528926","0.138075329025824","0.39026454183529"
"Bucco_capensis","Bucco_capensis","Flying","0.674934970806888","0.0959391300725874","0.494164111632432"
"Buceros_bicornis","Buceros_bicornis","Flying","0.503631969403894","0.135720520904101","0.40873700962443"
"Buphagus_erythrorhynchus","Buphagus_erythrorhynchus","Flying","0.548825025919216","0.123444188374891","0.426420273272547"
"Burhinus_bistriatus","Burhinus_bistriatus","Flying","0.481586657436539","0.129937049166432","0.371940165231613"
"Buteo_buteo","Buteo_buteo","Flying","0.489718013081145","0.136300199693031","0.396987178700588"
"Butorides_striata","Butorides_striata","Flying","0.347217311157242","0.168169543814856","0.336421828647436"
"Bycanistes_brevis","Bycanistes_brevis","Flying","0.642126381771272","0.0949236042122388","0.432547565174"
"Cacatua_moluccensis","Cacatua_moluccensis","Flying","0.438824490326587","0.146448605749347","0.371225562768329"
"Cacatua_pastinator","Cacatua_pastinator","Flying","0.434270483951471","0.147280833533195","0.373915781757405"
"Cairina_moschata","Cairina_moschata","Flying","0.680739353660447","0.0774068191357725","0.408321044255451"
"Calandrella_cinerea","Calandrella_cinerea","Flying","0.700232878745622","0.0798293889142316","0.452014124569239"
"Calcarius_ornatus","Calcarius_ornatus","Flying","0.516303603698215","0.11864711515812","0.363522844850505"
"Calidris_ruficollis","Calidris_ruficollis","Flying","0.364675186384246","0.159370197579483","0.337599771442789"
"Calidris_tenuirostris","Calidris_tenuirostris","Flying","0.354642227219932","0.161274572591527","0.3373821767373"
"Callaeas_cinereus","Callaeas_cinereus","Flying","0.535295192460067","0.107661816614059","0.358913230263882"
"Calliphlox_amethystina","Calliphlox_amethystina","Flying","0.460220713946752","0.132529276307149","0.354825621699166"
"Caloenas_nicobarica","Caloenas_nicobarica","Flying","0.421416069674283","0.152092714555146","0.367485129972373"
"Calyptorhynchus_lathami","Calyptorhynchus_lathami","Flying","0.357738917587589","0.158700300667549","0.334913984631168"
"Campephilus_guatemalensis","Campephilus_guatemalensis","Flying","0.573596913477913","0.132027309481943","0.481268044304003"
"Campephilus_imperialis","Campephilus_imperialis","Flying","0.607614910798266","0.118610771761539","0.495360216368198"
"Campylorhamphus_procurvoides","Campylorhamphus_procurvoides","Flying","0.266237848570644","0.192547156835767","0.319912655982376"
"Campylorhynchus_brunneicapillus","Campylorhynchus_brunneicapillus","Flying","0.745571134762693","0.0688436531798369","0.47092745077693"
"Campylorhynchus_zonatus","Campylorhynchus_zonatus","Flying","0.673406471591137","0.0903619835812409","0.45434441377173"
"Caracara_cheriway","Caracara_cheriway","Flying","0.62033676059495","0.104721555626998","0.436685155624426"
"Caracara_plancus","Caracara_plancus","Flying","0.636632051006183","0.0994001194349965","0.443956507857347"
"Cardinalis_cardinalis","Cardinalis_cardinalis","Flying","0.249159537573733","0.20351652806593","0.332480826761185"
"Carpodacus_erythrinus","Carpodacus_erythrinus","Flying","0.452397686847955","0.137548955125021","0.363886075184376"
"Carpodacus_pulcherrimus","Carpodacus_pulcherrimus","Flying","0.437058623462413","0.135998816754688","0.345548957502074"
"Carpodacus_roseus","Carpodacus_roseus","Flying","0.449202219633001","0.139667180735957","0.36123978301206"
"Carpodacus_rubicilloides","Carpodacus_rubicilloides","Flying","0.411235472326976","0.144236372174395","0.342308289100489"
"Casuarius_casuarius","Casuarius_casuarius","Casuariiformes","0.313684432255997","0.173273596332858","0.329768157640059"
"Cathartes_aura","Cathartes_aura","Flying","0.517110580372309","0.126794103095222","0.396130040351828"
"Catharus_fuscescens","Catharus_fuscescens","Flying","0.57206211799954","0.11442227945769","0.421312120156633"
"Centropus_bengalensis","Centropus_bengalensis","Flying","0.214195351845851","0.18004248594107","0.279449436388255"
"Centropus_unirufus","Centropus_unirufus","Flying","0.294398587400369","0.166511450483101","0.299118684849138"
"Cephalopterus_ornatus","Cephalopterus_ornatus","Flying","0.367709705883819","0.18685595239917","0.397900521365083"
"Certhia_brachydactyla","Certhia_brachydactyla","Flying","0.387161267797431","0.18223730414467","0.404016913348675"
"Certhia_himalayana","Certhia_himalayana","Flying","0.397736599821596","0.173395166561121","0.396580192119895"
"Ceryle_rudis","Ceryle_rudis","Flying","0.512274288693389","0.118673748980653","0.36963579278587"
"Ceuthmochares_aereus","Ceuthmochares_aereus","Flying","0.333486497162968","0.149614048461168","0.300338341681184"
"Chaetops_frenatus","Chaetops_frenatus","Flying","0.651263948195565","0.0976897185880333","0.458674569835574"
"Chaetorhynchus_papuensis","Chaetorhynchus_papuensis","Flying","0.312229267648376","0.148369111948708","0.281075168830456"
"Chaetura_pelagica","Chaetura_pelagica","Flying","0.61682573401603","0.0957392860509686","0.416768613773926"
"Charadrius_alexandrinus","Charadrius_alexandrinus","Flying","0.428112699741916","0.141635483531671","0.353874299714142"
"Charadrius_vociferus","Charadrius_vociferus","Flying","0.422744552132137","0.142162542303324","0.346639819006948"
"Chauna_torquata","Chauna_torquata","Flying","0.449958491332464","0.135149758156768","0.35252919803266"
"Chloroceryle_aenea","Chloroceryle_aenea","Flying","0.536267160845467","0.111656751321781","0.376417000938964"
"Chlorophanes_spiza","Chlorophanes_spiza","Flying","0.579692168975482","0.112475807418266","0.424028843413876"
"Chloropsis_cyanopogon","Chloropsis_cyanopogon","Flying","0.385169702159779","0.146327345723361","0.322056380700851"
"Chloropsis_hardwickii","Chloropsis_hardwickii","Flying","0.456033881299281","0.123027897033956","0.323228034159209"
"Chrysolampis_mosquitus","Chrysolampis_mosquitus","Flying","0.512754740382854","0.117012422910674","0.365133063528073"
"Chrysomus_icterocephalus","Chrysomus_icterocephalus","Flying","0.539279071226797","0.11702291571805","0.386639234065159"
"Chrysomus_ruficapillus","Chrysomus_ruficapillus","Flying","0.511044233254892","0.124618780205603","0.378909815457652"
"Ciconia_boyciana","Ciconia_boyciana","Flying","0.546709945518389","0.118419180968946","0.401603353661271"
"Ciconia_ciconia","Ciconia_ciconia","Flying","0.52693606030745","0.124567023456876","0.397598647966305"
"Ciconia_nigra","Ciconia_nigra","Flying","0.577160218712135","0.109119656078712","0.413818342018573"
"Cinclosoma_castanotum","Cinclosoma_castanotum","Flying","0.356377157174748","0.132522849281903","0.275505002015467"
"Cinclosoma_punctatum","Cinclosoma_punctatum","Flying","0.354589366453719","0.137880125855033","0.283734986832571"
"Cinclus_mexicanus","Cinclus_mexicanus","Flying","0.528096263620733","0.109252099517868","0.347425268668232"
"Circaetus_pectoralis","Circaetus_pectoralis","Flying","0.562779539856478","0.115221747147903","0.418588994653925"
"Circus_melanoleucos","Circus_melanoleucos","Flying","0.571763010557198","0.110254626872664","0.397094901016581"
"Climacteris_rufus","Climacteris_rufus","Flying","0.547370178600594","0.128853402167382","0.44524818093534"
"Cnemophilus_loriae","Cnemophilus_loriae","Flying","0.449166813996374","0.127944996265351","0.338011403000237"
"Cnemotriccus_fuscatus","Cnemotriccus_fuscatus","Flying","0.0956832732833168","0.257740258766547","0.307509403132864"
"Coccothraustes_coccothraustes","Coccothraustes_coccothraustes","Flying","0.420291178498004","0.140122104191104","0.340896674603193"
"Colius_striatus","Colius_striatus","Flying","0.380608311285716","0.151893324841964","0.337487388376799"
"Columba_hodgsonii","Columba_hodgsonii","Flying","0.428987177753219","0.149626815161566","0.373123919592032"
"Columba_livia","Columba_livia","Flying","0.482108914288379","0.138886534638422","0.400138054108412"
"Columba_rupestris","Columba_rupestris","Flying","0.517153298751795","0.129670624986456","0.408867590927791"
"Copsychus_saularis","Copsychus_saularis","Flying","0.524160528033886","0.129611882184859","0.408574306217084"
"Coracopsis_vasa","Coracopsis_vasa","Flying","0.507725543924619","0.120396668742242","0.367262303485917"
"Corvus_brachyrhynchos","Corvus_brachyrhynchos","Flying","0.29885892006886","0.163472331852239","0.307380038378833"
"Corvus_corax","Corvus_corax","Flying","0.26196528078765","0.167532671831535","0.290559869945187"
"Corvus_coronoides","Corvus_coronoides","Flying","0.291772563556077","0.163071049125734","0.29735096600098"
"Corvus_cryptoleucus","Corvus_cryptoleucus","Flying","0.246241117046872","0.171627985386778","0.288236255393395"
"Corvus_dauuricus","Corvus_dauuricus","Flying","0.310055859444792","0.164014002842059","0.314505731129149"
"Corvus_frugilegus","Corvus_frugilegus","Flying","0.282627780698847","0.166832391861495","0.297793627960005"
"Corvus_hawaiiensis","Corvus_hawaiiensis","Flying","0.317828962251309","0.152668194111913","0.302834801433431"
"Corvus_macrorhynchos","Corvus_macrorhynchos","Flying","0.259312935804777","0.176102192439388","0.300883293699954"
"Corvus_moneduloides","Corvus_moneduloides","Flying","0.34223559200456","0.153607974207586","0.32161944225888"
"Corvus_splendens","Corvus_splendens","Flying","0.322091742711464","0.158170679266545","0.314636242747581"
"Corythaixoides_concolor","Corythaixoides_concolor","Flying","0.555872391438924","0.108232891368794","0.3819682752461"
"Cossypha_semirufa","Cossypha_semirufa","Flying","0.354814782375647","0.162229088022391","0.336939998538696"
"Coturnicops_exquisitus","Coturnicops_exquisitus","Flying","0.469381585173841","0.109408719987967","0.296838623033887"
"Crax_daubentoni","Crax_daubentoni","Flying","0.52072345595144","0.125896319697426","0.387262096640346"
"Crax_rubra","Crax_rubra","Flying","0.499289385852168","0.130720854605197","0.386493593300897"
"Crotophaga_sulcirostris","Crotophaga_sulcirostris","Flying","0.46383051455057","0.128282042397252","0.346541493524011"
"Cuculus_poliocephalus","Cuculus_poliocephalus","Flying","0.42923010493004","0.120713238659964","0.302458262980969"
"Culicicapa_ceylonensis","Culicicapa_ceylonensis","Flying","0.517006855018013","0.123451035823353","0.381014938333563"
"Curaeus_curaeus","Curaeus_curaeus","Flying","0.469563151683048","0.136550605704677","0.38073591486089"
"Cyanopica_cyanus","Cyanopica_cyanus","Flying","0.347531748033687","0.14876826591929","0.299977068987498"
"Cyanoptila_cyanomelana","Cyanoptila_cyanomelana","Flying","0.571025012673774","0.10918334359099","0.391633830356937"
"Cygnus_atratus","Cygnus_atratus","Flying","0.630291057403039","0.0863186229815","0.381102174009769"
"Cygnus_columbianus","Cygnus_columbianus","Flying","0.548993894950432","0.106759813611584","0.363656053980727"
"Cygnus_cygnus","Cygnus_cygnus","Flying","0.542049979251062","0.109340646579615","0.365567004416292"
"Cygnus_olor","Cygnus_olor","Flying","0.591285247862464","0.0968557187607854","0.376179862361951"
"Cypseloides_fumigatus","Cypseloides_fumigatus","Flying","0.379778039861113","0.157345863579074","0.346609822571366"
"Daphoenositta_chrysoptera","Daphoenositta_chrysoptera","Flying","0.114158203575741","0.210813962104481","0.265502153624085"
"Daption_capense","Daption_capense","Flying","0.348769971185757","0.162527977290175","0.339554352991098"
"Dasyornis_broadbenti","Dasyornis_broadbenti","Flying","0.481168550254016","0.139253651590456","0.391350335927684"
"Delichon_urbicum","Delichon_urbicum","Flying","0.58358762707966","0.100938731536722","0.384961528947232"
"Dendrocitta_formosae","Dendrocitta_formosae","Flying","0.3767820798977","0.152287187527989","0.329411596087642"
"Dendrocopos_darjellensis","Dendrocopos_darjellensis","Flying","0.522272502175764","0.145560915209844","0.462563811992027"
"Dendrocopos_leucotos","Dendrocopos_leucotos","Flying","0.573389530328043","0.131057338716174","0.484630820547564"
"Dendrocopos_major","Dendrocopos_major","Flying","0.526438186050944","0.143838670046554","0.468388772920465"
"Dendrocygna_javanica","Dendrocygna_javanica","Flying","0.469123100881624","0.123773541117417","0.340054203495697"
"Dicaeum_agile","Dicaeum_agile","Flying","0.495365085158775","0.128851508293922","0.369733178969434"
"Dicaeum_concolor","Dicaeum_concolor","Flying","0.457045844171323","0.132352247883166","0.35241837010842"
"Dicaeum_eximium","Dicaeum_eximium","Flying","0.386574323978852","0.145861257447487","0.328248365503659"
"Dicrurus_hottentottus","Dicrurus_hottentottus","Flying","0.18701013384629","0.166806084611847","0.242223595231326"
"Dicrurus_macrocercus","Dicrurus_macrocercus","Flying","0.248548215761338","0.16360014767839","0.272546853839789"
"Dicrurus_megarhynchus","Dicrurus_megarhynchus","Flying","0.112867420564678","0.1770066213352","0.218651564804536"
"Didunculus_strigirostris","Didunculus_strigirostris","Flying","0.429668953562454","0.151275791551951","0.372723629791707"
"Diopsittaca_nobilis","Diopsittaca_nobilis","Flying","0.511273262121881","0.121170767879665","0.382586787135172"
"Dives_dives","Dives_dives","Flying","0.576144046260682","0.107227735070465","0.402337632300405"
"Drymodes_brunneopygia","Drymodes_brunneopygia","Flying","0.433226810675735","0.140234703860851","0.345454176910498"
"Dryocopus_pileatus","Dryocopus_pileatus","Flying","0.627718356171421","0.112359376350519","0.494367079247223"
"Dryoscopus_gambensis","Dryoscopus_gambensis","Flying","0.324313741696989","0.138444597656097","0.272516408535725"
"Eclectus_roratus","Eclectus_roratus","Flying","0.660206044517533","0.0803035692706129","0.386657205628581"
"Egretta_eulophotes","Egretta_eulophotes","Flying","0.539465503151481","0.118808294824367","0.399322968787534"
"Egretta_garzetta","Egretta_garzetta","Flying","0.53642116425484","0.118675219589413","0.398097418713695"
"Egretta_sacra","Egretta_sacra","Flying","0.541731272129752","0.116586508987735","0.397646049110544"
"Emberiza_aureola","Emberiza_aureola","Flying","0.572827277735526","0.11548156077692","0.417802540425459"
"Emberiza_chrysophrys","Emberiza_chrysophrys","Flying","0.661784227897447","0.0898263110102649","0.429511205311767"
"Emberiza_cioides","Emberiza_cioides","Flying","0.555782644995998","0.116646569656608","0.402396602486208"
"Emberiza_elegans","Emberiza_elegans","Flying","0.517461621523354","0.128281143721808","0.401517946634123"
"Emberiza_fucata","Emberiza_fucata","Flying","0.629152864444838","0.0989753337474835","0.422915200096921"
"Emberiza_jankowskii","Emberiza_jankowskii","Flying","0.561649648410897","0.113461567647841","0.400602554983813"
"Emberiza_leucocephalos","Emberiza_leucocephalos","Flying","0.5860552333249","0.111149218431882","0.41395933803307"
"Emberiza_pusilla","Emberiza_pusilla","Flying","0.5749348405162","0.113229523284126","0.416512192906226"
"Emberiza_rustica","Emberiza_rustica","Flying","0.581009693352278","0.112214414157386","0.424595887796077"
"Emberiza_rutila","Emberiza_rutila","Flying","0.574385809252497","0.114560814469666","0.417120522677489"
"Emberiza_spodocephala","Emberiza_spodocephala","Flying","0.577779476068562","0.113244612285632","0.412440689066915"
"Emberiza_tristrami","Emberiza_tristrami","Flying","0.611735983495922","0.104883146756786","0.420354451288565"
"Eophona_migratoria","Eophona_migratoria","Flying","0.592942095273768","0.10283954021235","0.403959506836082"
"Eopsaltria_australis","Eopsaltria_australis","Flying","0.445770481150566","0.137436238926925","0.35696127804933"
"Eopsaltria_georgiana","Eopsaltria_georgiana","Flying","0.473545960447189","0.128129878750885","0.352311646483213"
"Epthianura_albifrons","Epthianura_albifrons","Flying","0.55783825175101","0.105730444577696","0.37125373138433"
"Eremophila_alpestris","Eremophila_alpestris","Flying","0.678072496360447","0.0862418166215515","0.452894866419268"
"Erpornis_zantholeuca","Erpornis_zantholeuca","Flying","0.393418756997234","0.138539477136695","0.31815546843725"
"Erythrocercus_mccallii","Erythrocercus_mccallii","Flying","0.615236288983253","0.101503987056173","0.420614850788495"
"Eudocimus_ruber","Eudocimus_ruber","Flying","0.422143926632673","0.153178512625891","0.364000878384506"
"Eudyptes_chrysocome","Eudyptes_chrysocome","Sphenisciformes","0.588760150855884","0.109499650630026","0.419454090127583"
"Eudyptes_chrysolophus","Eudyptes_chrysolophus","Sphenisciformes","0.630867616720449","0.098138613364046","0.431567325283075"
"Eudyptula_minor","Eudyptula_minor","Sphenisciformes","0.58961142783265","0.108186252690603","0.42038355107922"
"Eulacestoma_nigropectus","Eulacestoma_nigropectus","Flying","0.209105605596094","0.175846026256543","0.266602914391954"
"Euphagus_cyanocephalus","Euphagus_cyanocephalus","Flying","0.537162527719268","0.117663199912291","0.392016810093818"
"Eurystomus_gularis","Eurystomus_gularis","Flying","0.545140363455235","0.117021573272681","0.39563031416255"
"Eurystomus_orientalis","Eurystomus_orientalis","Flying","0.568860549293906","0.115047758364785","0.411637637111808"
"Falco_amurensis","Falco_amurensis","Flying","0.578967137751681","0.1076788728785","0.400301100933715"
"Falco_cherrug","Falco_cherrug","Flying","0.55762312894607","0.11527785263959","0.402366350361564"
"Falco_columbarius","Falco_columbarius","Flying","0.618028197947574","0.0956697662251755","0.41164464398882"
"Falco_naumanni","Falco_naumanni","Flying","0.623175808700295","0.0971458573008088","0.418127757989393"
"Falco_peregrinus","Falco_peregrinus","Flying","0.573383060155901","0.110731089038003","0.406336138902371"
"Falco_rusticolus","Falco_rusticolus","Flying","0.586054356297821","0.107385856991553","0.407422352067519"
"Falco_sparverius","Falco_sparverius","Flying","0.488845194157379","0.132774725389499","0.380408552302578"
"Falco_subbuteo","Falco_subbuteo","Flying","0.595401508640481","0.104824416998064","0.41186890523042"
"Falco_tinnunculus","Falco_tinnunculus","Flying","0.715598769595846","0.073996087328172","0.444551477184615"
"Falcunculus_frontatus","Falcunculus_frontatus","Flying","0.35368547725453","0.13790419884637","0.290675945305019"
"Ficedula_albicollis","Ficedula_albicollis","Flying","0.609887225994543","0.105325822544661","0.422108081705237"
"Ficedula_zanthopygia","Ficedula_zanthopygia","Flying","0.495153357320565","0.134882844102882","0.390208649620286"
"Florisuga_fusca","Florisuga_fusca","Flying","0.55727350563708","0.111353297556306","0.396302984139678"
"Florisuga_mellivora","Florisuga_mellivora","Flying","0.553556711797818","0.113397207152176","0.394911479764149"
"Formicarius_rufipectus","Formicarius_rufipectus","Flying","0.46687164368763","0.119896250862535","0.326686383633983"
"Forpus_passerinus","Forpus_passerinus","Flying","0.615971436092196","0.0886480020925782","0.37603679702391"
"Fregata_magnificens","Fregata_magnificens","Flying","0.466399007164999","0.12550386880636","0.344193651742253"
"Fringilla_coelebs","Fringilla_coelebs","Flying","0.520629263284368","0.122043230633572","0.381990141662094"
"Fringilla_montifringilla","Fringilla_montifringilla","Flying","0.568098379787669","0.11122581265437","0.397590273925419"
"Furnarius_figulus","Furnarius_figulus","Flying","0.337029074064478","0.176385946267855","0.354346366548429"
"Gallicrex_cinerea","Gallicrex_cinerea","Flying","0.383344417908733","0.132626063849402","0.299493772683836"
"Gallinago_stenura","Gallinago_stenura","Flying","0.264232240094259","0.186899267994319","0.320581915473407"
"Gallinula_chloropus","Gallinula_chloropus","Flying","0.538368044394211","0.110808052162325","0.364450317534899"
"Gallirallus_striatus","Gallirallus_striatus","Gruiformes","0.407970656098121","0.141913628061564","0.337772989715164"
"Garrulax_albogularis","Garrulax_albogularis","Flying","0.533401686369499","0.122537294155839","0.394706773523297"
"Garrulax_canorus","Garrulax_canorus","Flying","0.540728179910669","0.121390717938666","0.398210613311409"
"Garrulax_formosus","Garrulax_formosus","Flying","0.471373892934408","0.13671819694382","0.377549372525977"
"Garrulax_perspicillatus","Garrulax_perspicillatus","Flying","0.54780662375218","0.118634894718579","0.410336332024485"
"Garrulax_poecilorhynchus","Garrulax_poecilorhynchus","Flying","0.45904303862174","0.14036976168558","0.380033874341329"
"Garrulax_sannio","Garrulax_sannio","Flying","0.599149181797193","0.105521730315678","0.416813812839687"
"Garrulus_glandarius","Garrulus_glandarius","Flying","0.303143003357931","0.165473905807999","0.311002785508765"
"Gavia_pacifica","Gavia_pacifica","Flying","0.549280315428633","0.11590316563667","0.39916307962313"
"Gavia_stellata","Gavia_stellata","Flying","0.575625464937048","0.110300234806876","0.408743333938752"
"Geococcyx_californianus","Geococcyx_californianus","Flying","0.557271230226851","0.10953396072022","0.385923754659264"
"Geopelia_cuneata","Geopelia_cuneata","Flying","0.506160538641457","0.128511592015718","0.394072380207297"
"Geospiza_magnirostris","Geospiza_magnirostris","Flying","0.612001264056418","0.103064951795433","0.431130164051771"
"Geotrygon_violacea","Geotrygon_violacea","Flying","0.436984212635626","0.145367833444473","0.363455522062856"
"Gerygone_igata","Gerygone_igata","Flying","0.482235302001302","0.136333339010536","0.38818002279464"
"Glaucidium_cuculoides","Glaucidium_cuculoides","Flying","0.676242226101284","0.0836537906997493","0.442372517705178"
"Glaucis_hirsutus","Glaucis_hirsutus","Flying","0.411611317350036","0.146221877835473","0.351935441148757"
"Gnorimopsar_chopi","Gnorimopsar_chopi","Flying","0.521128503956516","0.125967575971505","0.394266723080727"
"Goura_cristata","Goura_cristata","Flying","0.515777724741454","0.127751114259596","0.399887587979402"
"Goura_scheepmakeri","Goura_scheepmakeri","Flying","0.472250310757829","0.140147528773708","0.391250809792485"
"Goura_victoria","Goura_victoria","Flying","0.479739046219302","0.137471222135507","0.39110869625767"
"Gracula_religiosa","Gracula_religiosa","Flying","0.603322016264218","0.104293667153524","0.421077707866826"
"Grallaria_varia","Grallaria_varia","Flying","0.513838741150096","0.131659250293977","0.413168421347289"
"Grantiella_picta","Grantiella_picta","Flying","0.381987091045818","0.163182694275145","0.361197956340756"
"Grus_americana","Grus_americana","Flying","0.441565338300129","0.137218448583562","0.348191438869359"
"Grus_carunculatus","Grus_carunculatus","Flying","0.470104932424429","0.128926235932837","0.35559321509436"
"Grus_grus","Grus_grus","Flying","0.449021919367582","0.136194726981904","0.353317560184123"
"Grus_japonensis","Grus_japonensis","Flying","0.437303708719384","0.134558241726604","0.347143628235893"
"Grus_leucogeranus","Grus_leucogeranus","Flying","0.498522599293295","0.12313444053111","0.369219535524892"
"Grus_monacha","Grus_monacha","Flying","0.455533534161835","0.133070351129018","0.354159164842438"
"Grus_nigricollis","Grus_nigricollis","Flying","0.447238712279252","0.136031545604816","0.353298625360027"
"Grus_paradisea","Grus_paradisea","Flying","0.452831123988693","0.133278779653621","0.350869858131875"
"Grus_virgo","Grus_virgo","Flying","0.491308655370863","0.12375925562047","0.361150210669517"
"Guaruba_guarouba","Guaruba_guarouba","Flying","0.451427640432821","0.133230918215436","0.362879210318929"
"Gymnomystax_mexicanus","Gymnomystax_mexicanus","Flying","0.519523074070173","0.12141495456778","0.375698234461446"
"Gymnorhina_tibicen","Gymnorhina_tibicen","Flying","0.432061997640363","0.132509369082058","0.331919300362749"
"Haematopus_ater","Haematopus_ater","Flying","0.532483799220279","0.115292674633221","0.369633082908402"
"Haematopus_ostralegus","Haematopus_ostralegus","Flying","0.47676070017001","0.127194512073838","0.356877957020908"
"Halcyon_coromanda","Halcyon_coromanda","Flying","0.580408349832874","0.109413908835628","0.407203468811995"
"Halcyon_senegalensis","Halcyon_senegalensis","Flying","0.551838552698905","0.120412057065019","0.40798809543054"
"Halcyon_smyrnensis","Halcyon_smyrnensis","Flying","0.597271987382842","0.102960532155521","0.408548143794916"
"Haliaeetus_albicilla","Haliaeetus_albicilla","Flying","0.601582481406526","0.104416120126919","0.425781678416706"
"Heliodoxa_aurescens","Heliodoxa_aurescens","Flying","0.539827302776264","0.117695469059108","0.404070738452969"
"Heliornis_fulica","Heliornis_fulica","Flying","0.258438153488595","0.156406085715237","0.26689935914231"
"Hemignathus_flavus","Hemignathus_flavus","Flying","0.398896944829734","0.151227436103038","0.345875599975971"
"Hemiphaga_novaeseelandiae","Hemiphaga_novaeseelandiae","Flying","0.491699745954169","0.129780709167224","0.375178766052124"
"Henicorhina_leucosticta","Henicorhina_leucosticta","Flying","0.513404387175889","0.129094035257333","0.401859628748075"
"Herpetotheres_cachinnans","Herpetotheres_cachinnans","Flying","0.543479013934646","0.122157797539325","0.411204791145606"
"Himantopus_himantopus","Himantopus_himantopus","Flying","0.513753407563852","0.114704823788053","0.355469106777272"
"Himatione_sanguinea","Himatione_sanguinea","Flying","0.426775655364551","0.146223827128917","0.361322327969349"
"Hirundo_aethiopica","Hirundo_aethiopica","Flying","0.419094889455045","0.132863485224205","0.321206122150174"
"Hirundo_albigularis","Hirundo_albigularis","Flying","0.465267756577188","0.118647273470747","0.332361074780423"
"Hirundo_angolensis","Hirundo_angolensis","Flying","0.414839318026074","0.132339019622932","0.317564444965313"
"Hirundo_atrocaerulea","Hirundo_atrocaerulea","Flying","0.444938535766584","0.12009445778761","0.312291343870971"
"Hirundo_dimidiata","Hirundo_dimidiata","Flying","0.456114458523969","0.121360352661763","0.327709910639003"
"Hirundo_neoxena","Hirundo_neoxena","Flying","0.541206957706412","0.101602388241184","0.348635145255189"
"Hirundo_nigrita","Hirundo_nigrita","Flying","0.482025251203749","0.114186646125806","0.331530006715415"
"Hirundo_smithii","Hirundo_smithii","Flying","0.473964396378088","0.115562122089421","0.328798144859073"
"Hirundo_tahitica","Hirundo_tahitica","Flying","0.480885489680034","0.116515500045043","0.336959701606366"
"Hydrophasianus_chirurgus","Hydrophasianus_chirurgus","Flying","0.468685821735192","0.136593301952419","0.371489978140281"
"Hylia_prasina","Hylia_prasina","Flying","0.573670977126124","0.0983916183956231","0.360246647672425"
"Hyliota_flavigaster","Hyliota_flavigaster","Flying","0.35855936749536","0.165729517976377","0.347958936171341"
"Hylocharis_cyanus","Hylocharis_cyanus","Flying","0.490301161274145","0.127812200047667","0.372278016756513"
"Hypocryptadius_cinnamomeus","Hypocryptadius_cinnamomeus","Flying","0.582041645813116","0.0949033698863454","0.354274272687761"
"Ifrita_kowaldi","Ifrita_kowaldi","Flying","0.351430077058703","0.158788613902246","0.320857982628765"
"Indicator_maculatus","Indicator_maculatus","Flying","0.441633226960662","0.173534081328861","0.449212110071292"
"Indicator_xanthonotus","Indicator_xanthonotus","Flying","0.267725714391739","0.215343251864186","0.369844669015655"
"Irena_cyanogastra","Irena_cyanogastra","Flying","0.567499990857978","0.102793202535829","0.36469950150463"
"Ixobrychus_cinnamomeus","Ixobrychus_cinnamomeus","Flying","0.411040960015618","0.155496127612735","0.365731362300023"
"Ixobrychus_eurhythmus","Ixobrychus_eurhythmus","Flying","0.361758712323321","0.16695785546946","0.349861134859974"
"Ixobrychus_flavicollis","Ixobrychus_flavicollis","Flying","0.372647597411211","0.16038075126232","0.347833873143213"
"Ixobrychus_sinensis","Ixobrychus_sinensis","Flying","0.4088897657441","0.156109244355895","0.363535348278598"
"Jacana_jacana","Jacana_jacana","Flying","0.465768885006603","0.138647123272009","0.382403358623938"
"Jacana_spinosa","Jacana_spinosa","Flying","0.470269591229124","0.137153016770579","0.383983183117986"
"Jynx_ruficollis","Jynx_ruficollis","Flying","0.30818408996504","0.213440072405719","0.400457539872143"
"Jynx_torquilla","Jynx_torquilla","Flying","0.285311933047396","0.213944423193656","0.386445290798538"
"Lanius_cristatus","Lanius_cristatus","Flying","0.284207383698621","0.160377071523336","0.288391828427274"
"Lanius_ludovicianus","Lanius_ludovicianus","Flying","0.317393245951494","0.15606544385065","0.295763420045537"
"Lanius_schach","Lanius_schach","Flying","0.256103870279628","0.168656778399711","0.288355520136053"
"Lanius_tephronotus","Lanius_tephronotus","Flying","0.271508172096973","0.164799133809308","0.292213164726457"
"Lanius_tigrinus","Lanius_tigrinus","Flying","0.323212331196793","0.156143377621409","0.306919270827475"
"Larus_crassirostris","Larus_crassirostris","Flying","0.435704893248192","0.142231870022893","0.358578327525572"
"Larus_dominicanus","Larus_dominicanus","Flying","0.450868606631868","0.137172460088488","0.3631500072988"
"Leiothrix_argentauris","Leiothrix_argentauris","Flying","0.433120988374567","0.140528008830798","0.35732344718561"
"Leiothrix_lutea","Leiothrix_lutea","Flying","0.44269879882436","0.13819114140196","0.36260529687172"
"Lepidocolaptes_angustirostris","Lepidocolaptes_angustirostris","Flying","0.342335640771946","0.171371324079905","0.347560409557998"
"Lepidothrix_coronata","Lepidothrix_coronata","Flying","0.227919201445361","0.227816689857186","0.360804332629434"
"Leptotila_verreauxi","Leptotila_verreauxi","Flying","0.461998507190815","0.145669553903804","0.384776560487344"
"Leucopsar_rothschildi","Leucopsar_rothschildi","Flying","0.621534509223442","0.0911641958216577","0.387632578200518"
"Leucosticte_arctoa","Leucosticte_arctoa","Flying","0.506297477938774","0.120492561308149","0.369790350833085"
"Leucosticte_brandti","Leucosticte_brandti","Flying","0.504929684330155","0.121125494122833","0.369999971427554"
"Limosa_haemastica","Limosa_haemastica","Flying","0.272458693743787","0.185492500920746","0.32197372730308"
"Limosa_lapponica","Limosa_lapponica","Flying","0.256130104748821","0.188971693805632","0.3238125060455"
"Locustella_pryeri","Locustella_pryeri","Flying","0.528472735144199","0.117808003394233","0.375712696765426"
"Lonchura_caniceps","Lonchura_caniceps","Flying","0.635449961489446","0.0815349624975913","0.363565626749149"
"Lonchura_castaneothorax","Lonchura_castaneothorax","Flying","0.634903094791876","0.0813112252521189","0.366801055759763"
"Lonchura_flaviprymna","Lonchura_flaviprymna","Flying","0.636676144437266","0.0809548007207769","0.367999231132856"
"Lonchura_forbesi","Lonchura_forbesi","Flying","0.631018696829191","0.0821734698737567","0.364525326826201"
"Lonchura_grandis","Lonchura_grandis","Flying","0.626454951756026","0.0833127260484367","0.362738038614756"
"Lonchura_hunsteini","Lonchura_hunsteini","Flying","0.631436407773218","0.0821283088747954","0.364937420941723"
"Lonchura_leucosticta","Lonchura_leucosticta","Flying","0.697410911585835","0.0688427996670922","0.383139568965959"
"Lonchura_melaena","Lonchura_melaena","Flying","0.630374989613081","0.0816082007086916","0.365603515391833"
"Lonchura_nevermanni","Lonchura_nevermanni","Flying","0.638449194082656","0.0804861427438681","0.367626138268014"
"Lonchura_nigerrima","Lonchura_nigerrima","Flying","0.632783225104269","0.0817435137027005","0.365097920542288"
"Lonchura_punctulata","Lonchura_punctulata","Flying","0.533746774655987","0.1085536863402","0.344884679478067"
"Lonchura_spectabilis","Lonchura_spectabilis","Flying","0.631018696829191","0.0821734698737567","0.364525326826201"
"Lonchura_striata","Lonchura_striata","Flying","0.590433512040747","0.095642945592077","0.365001008010099"
"Lonchura_stygia","Lonchura_stygia","Flying","0.625389379920714","0.0835128799671366","0.361349833640818"
"Lophornis_magnificus","Lophornis_magnificus","Flying","0.511358686620733","0.126199307669044","0.388765843301647"
"Loxia_curvirostra","Loxia_curvirostra","Flying","0.438071629754146","0.142002419515911","0.356522914047779"
"Loxia_leucoptera","Loxia_leucoptera","Flying","0.484506929705546","0.129419262763354","0.367960731090195"
"Loxops_caeruleirostris","Loxops_caeruleirostris","Flying","0.408937655903607","0.146898519125021","0.351948482628068"
"Loxops_coccineus","Loxops_coccineus","Flying","0.462322860227725","0.133974299815055","0.363118384797248"
"Machaerirhynchus_nigripectus","Machaerirhynchus_nigripectus","Flying","0.384171072992503","0.133737451555714","0.302022674363575"
"Macroagelaius_imthurni","Macroagelaius_imthurni","Flying","0.479481452776798","0.132740350348935","0.365426972744093"
"Malurus_elegans","Malurus_elegans","Flying","0.471963319847904","0.141343729920733","0.392636388503831"
"Malurus_melanocephalus","Malurus_melanocephalus","Flying","0.477213206508559","0.139587465356575","0.39084862029896"
"Megaceryle_lugubris","Megaceryle_lugubris","Flying","0.514643145144875","0.117659924443386","0.361254245512129"
"Megalaima_virens","Megalaima_virens","Flying","0.283862153512654","0.207960201838653","0.375682434108128"
"Melamprosops_phaeosoma","Melamprosops_phaeosoma","Flying","0.345146759783319","0.166467277580398","0.327066179832631"
"Melanocharis_versteri","Melanocharis_versteri","Flying","0.488963296016612","0.119328171576597","0.349048473142387"
"Melanocorypha_mongolica","Melanocorypha_mongolica","Flying","0.663942300619044","0.0902730055259525","0.446653759834812"
"Melophus_lathami","Melophus_lathami","Flying","0.615873940502606","0.100322999946429","0.422391361305641"
"Melopsittacus_undulatus","Melopsittacus_undulatus","Flying","0.583809610254397","0.103570782275249","0.397325132402972"
"Menura_novaehollandiae","Menura_novaehollandiae","Flying","0.430380370025396","0.146749055589147","0.372513022226575"
"Mergus_merganser","Mergus_merganser","Flying","0.687413994678406","0.0764798275776329","0.40888383132584"
"Merops_viridis","Merops_viridis","Flying","0.595684406424885","0.116125247611707","0.458280543381636"
"Mesembrinibis_cayennensis","Mesembrinibis_cayennensis","Flying","0.336195745506317","0.169605596706618","0.342052688445782"
"Micrastur_gilvicollis","Micrastur_gilvicollis","Flying","0.478960946430289","0.139045148194806","0.395020039525053"
"Milvus_migrans","Milvus_migrans","Flying","0.538989518378877","0.123332778628228","0.408982314426816"
"Minla_ignotincta","Minla_ignotincta","Flying","0.469873578686727","0.13404613082499","0.366805362239928"
"Mionectes_oleagineus","Mionectes_oleagineus","Flying","0.392839452835377","0.171760659895799","0.392894144505217"
"Molothrus_aeneus","Molothrus_aeneus","Flying","0.576784639386078","0.110006837145213","0.400160884979775"
"Molothrus_ater","Molothrus_ater","Flying","0.552445444580955","0.114156204830421","0.393586629436004"
"Monticola_gularis","Monticola_gularis","Flying","0.492931969881005","0.139332638803652","0.404650132662403"
"Montifringilla_adamsi","Montifringilla_adamsi","Flying","0.543256203549649","0.114380376103531","0.380334135497726"
"Montifringilla_nivalis","Montifringilla_nivalis","Flying","0.508580167071976","0.121729876478038","0.376100397228719"
"Motacilla_cinerea","Motacilla_cinerea","Flying","0.5743143600246","0.104907219328618","0.384373671758883"
"Muscicapa_griseisticta","Muscicapa_griseisticta","Flying","0.517179636133447","0.12686384110907","0.399851491470313"
"Muscicapa_sibirica","Muscicapa_sibirica","Flying","0.498623550217441","0.130608628319453","0.392340612522439"
"Mycerobas_carnipes","Mycerobas_carnipes","Flying","0.589786168240046","0.102638612476879","0.395505241842247"
"Myiagra_hebetior","Myiagra_hebetior","Flying","0.236605533149005","0.171350887270734","0.276411800475246"
"Myiopsitta_monachus","Myiopsitta_monachus","Flying","0.424300238756803","0.132329727387444","0.331848621618467"
"Mystacornis_crossleyi","Mystacornis_crossleyi","Flying","0.49638503911989","0.107482417959368","0.315918952531645"
"Myzornis_pyrrhoura","Myzornis_pyrrhoura","Flying","0.632933473962113","0.0870448722685737","0.388288405162877"
"Napothera_epilepidota","Napothera_epilepidota","Flying","0.480634989712752","0.127591453088521","0.367617663748412"
"Neodrepanis_coruscans","Neodrepanis_coruscans","Flying","0.257704720781913","0.217765277250869","0.371377134675605"
"Neophema_chrysogaster","Neophema_chrysogaster","Flying","0.65503828563541","0.0877913327313261","0.417199588847736"
"Neopipo_cinnamomea","Neopipo_cinnamomea","Flying","0.209289151299465","0.231929854878626","0.352681181473973"
"Nesopsar_nigerrimus","Nesopsar_nigerrimus","Flying","0.501787349415186","0.130153887895968","0.38691786603577"
"Nesospiza_acunhae","Nesospiza_acunhae","Flying","0.534258418794652","0.121410858133696","0.400454809051449"
"Nestor_notabilis","Nestor_notabilis","Flying","0.342724729536296","0.169218287832522","0.343161559425902"
"Netta_rufina","Netta_rufina","Flying","0.618764596884132","0.0953444877183977","0.394808304323373"
"Nicator_chloris","Nicator_chloris","Flying","0.448089335659991","0.140885001744004","0.375515608014486"
"Niltava_davidi","Niltava_davidi","Flying","0.483225197882058","0.12647609720117","0.36155079777159"
"Ninox_novaeseelandiae","Ninox_novaeseelandiae","Flying","0.563259887132011","0.105081614445029","0.3788537560238"
"Ninox_scutulata","Ninox_scutulata","Flying","0.618080800294589","0.0925140929675866","0.392990101385535"
"Ninox_strenua","Ninox_strenua","Flying","0.581070574354367","0.101804344783048","0.385640793825468"
"Nipponia_nippon","Nipponia_nippon","Flying","0.511878572552826","0.125431589857955","0.389058188858042"
"Nisaetus_alboniger","Nisaetus_alboniger","Flying","0.547113823337233","0.124851834576531","0.419689684470639"
"Nisaetus_nipalensis","Nisaetus_nipalensis","Flying","0.53653070803881","0.12750606087696","0.418727416215406"
"Nothocercus_julius","Nothocercus_julius","Tinamiformes","0.287271083990916","0.198770340399337","0.364042403604511"
"Nothocercus_nigrocapillus","Nothocercus_nigrocapillus","Tinamiformes","0.359133991547087","0.1725981132213","0.365123172109469"
"Nothoprocta_ornata","Nothoprocta_ornata","Tinamiformes","0.0328456001382126","0.28994801125138","0.309907295695648"
"Nothoprocta_pentlandii","Nothoprocta_pentlandii","Tinamiformes","0.0316241521137081","0.288976450719389","0.307293049629017"
"Nothoprocta_perdicaria","Nothoprocta_perdicaria","Tinamiformes","-0.0298911979882894","0.313836718191451","0.294848748091337"
"Notiomystis_cincta","Notiomystis_cincta","Flying","0.417441384573182","0.133112683610657","0.326110920972169"
"Nucifraga_caryocatactes","Nucifraga_caryocatactes","Flying","0.301593099734734","0.176591783976306","0.318920736297034"
"Nucifraga_columbiana","Nucifraga_columbiana","Flying","0.265929531465588","0.183260135693528","0.307772634619371"
"Numenius_phaeopus","Numenius_phaeopus","Flying","0.283157027313908","0.1835073525636","0.327145767766264"
"Numenius_tenuirostris","Numenius_tenuirostris","Flying","0.259615854524222","0.194747820178956","0.323228516303657"
"Nycticorax_nycticorax","Nycticorax_nycticorax","Flying","0.403010961880256","0.148699259149573","0.349990276380591"
"Nymphicus_hollandicus","Nymphicus_hollandicus","Flying","0.564477254295816","0.112187212196209","0.398256418193411"
"Oceanites_oceanicus","Oceanites_oceanicus","Flying","0.674127536181422","0.0816770403653391","0.422447753044212"
"Oceanodroma_castro","Oceanodroma_castro","Flying","0.413340040751604","0.152678527078675","0.369424307918846"
"Oceanodroma_tethys","Oceanodroma_tethys","Flying","0.396674845813931","0.151128004012561","0.352199463582697"
"Oenanthe_oenanthe","Oenanthe_oenanthe","Flying","0.570462943285949","0.115404188124622","0.413321582149949"
"Onychorhynchus_coronatus","Onychorhynchus_coronatus","Flying","0.366358851984432","0.182464189237263","0.395648163034714"
"Oreocharis_arfaki","Oreocharis_arfaki","Flying","0.0912959216038749","0.187199883805033","0.221359978788717"
"Oreomystis_bairdi","Oreomystis_bairdi","Flying","0.446400250491576","0.138693639933877","0.359732491047661"
"Oreopsar_bolivianus","Oreopsar_bolivianus","Flying","0.500146518285168","0.131255236960311","0.384526367165271"
"Oreotrochilus_melanogaster","Oreotrochilus_melanogaster","Flying","0.568040165204839","0.11165677587178","0.407509326918541"
"Origma_solitaria","Origma_solitaria","Flying","0.551035987127358","0.117056803781835","0.399345814110857"
"Oriolus_chinensis","Oriolus_chinensis","Flying","0.43933055587169","0.117987610555248","0.306039294038679"
"Oriolus_oriolus","Oriolus_oriolus","Flying","0.372962458861381","0.135119024216064","0.296717723206577"
"Orthonyx_spaldingii","Orthonyx_spaldingii","Flying","0.475669304927834","0.13377319849106","0.37148248892364"
"Otidiphaps_nobilis","Otidiphaps_nobilis","Columbiformes","0.346739055691825","0.17284409605891","0.353359117535427"
"Otis_tarda","Otis_tarda","Flying","0.461225395046019","0.14338772648546","0.393413697402666"
"Otus_bakkamoena","Otus_bakkamoena","Flying","0.307999523396344","0.178275226606994","0.336336833944892"
"Otus_scops","Otus_scops","Flying","0.581626400578258","0.107589860744796","0.401144025245685"
"Otus_sunia","Otus_sunia","Flying","0.581626400578258","0.107549613329104","0.40102222385609"
"Oxyruncus_cristatus","Oxyruncus_cristatus","Flying","0.282250077333692","0.203110331682407","0.361241718399751"
"Pachycephala_philippinensis","Pachycephala_philippinensis","Flying","0.00022761615947845","0.217307157354432","0.21646730037733"
"Pachyramphus_minor","Pachyramphus_minor","Flying","0.246119322094867","0.221981286520845","0.362875434332196"
"Padda_oryzivora","Padda_oryzivora","Flying","0.581696927819376","0.0914715374935613","0.336120588900455"
"Pagodroma_nivea","Pagodroma_nivea","Flying","0.359762716248105","0.159872506526023","0.344068175000053"
"Pandion_haliaetus","Pandion_haliaetus","Flying","0.510036790446522","0.118938689095482","0.360778726595775"
"Panurus_biarmicus","Panurus_biarmicus","Flying","0.408332922691573","0.166522975185335","0.389839256122615"
"Paradisaea_raggiana","Paradisaea_raggiana","Flying","0.278668651650174","0.154532279757794","0.277685730663096"
"Paradoxornis_fulvifrons","Paradoxornis_fulvifrons","Flying","0.313237890859448","0.1837410523997","0.356669361746789"
"Pardalotus_punctatus","Pardalotus_punctatus","Flying","0.527121090413256","0.123763030752036","0.396537562508444"
"Parophasma_galinieri","Parophasma_galinieri","Flying","0.472103807566204","0.129541536373399","0.359403182651842"
"Paroreomyza_montana","Paroreomyza_montana","Flying","0.47016808184671","0.130022209457878","0.353857160548396"
"Parus_major","Parus_major","Flying","0.690266557334938","0.0828116034990629","0.455393302781899"
"Parus_monticolus","Parus_monticolus","Flying","0.716250984420312","0.0774326775280373","0.464804665324945"
"Passer_ammodendri","Passer_ammodendri","Flying","0.538886785757109","0.119230823111923","0.385126777864888"
"Passer_domesticus","Passer_domesticus","Flying","0.588094878661605","0.0949331856121061","0.367402169559477"
"Passer_montanus","Passer_montanus","Flying","0.618189429399149","0.0895445307146654","0.369197285293459"
"Pelecanoides_urinatrix","Pelecanoides_urinatrix","Flying","0.298228528693649","0.176481553380013","0.325001251810245"
"Penelopides_panini","Penelopides_panini","Flying","0.642666335559089","0.0952462026784576","0.419776766059159"
"Pericrocotus_ethologus","Pericrocotus_ethologus","Flying","0.179331647492061","0.177199756167319","0.25819285787083"
"Petroica_australis","Petroica_australis","Flying","0.489207193143655","0.131772573615019","0.383400455787731"
"Petroica_goodenovii","Petroica_goodenovii","Flying","0.488532468979889","0.130943082396488","0.378125775433277"
"Petroica_macrocephala","Petroica_macrocephala","Flying","0.486745445127593","0.13035640168018","0.376835022000211"
"Petroica_phoenicea","Petroica_phoenicea","Flying","0.411491712863429","0.153224276444002","0.367312156826229"
"Peucedramus_taeniatus","Peucedramus_taeniatus","Flying","0.546089734178843","0.115243666881744","0.395497625789482"
"Phaethon_rubricauda","Phaethon_rubricauda","Flying","0.582769752740956","0.111694983625351","0.418767914034346"
"Phaethornis_malaris","Phaethornis_malaris","Flying","0.431169478153071","0.138478860499665","0.34662695400993"
"Phainopepla_nitens","Phainopepla_nitens","Flying","0.315224987892504","0.1669979915962","0.304254071369118"
"Phalacrocorax_auritus","Phalacrocorax_auritus","Flying","0.603752495623486","0.0927895346571603","0.377500519169916"
"Phalacrocorax_carbo","Phalacrocorax_carbo","Flying","0.498211553680077","0.119162450404247","0.354641434094419"
"Phalcoboenus_australis","Phalcoboenus_australis","Flying","0.659226332640177","0.0906268681881937","0.442206027938472"
"Philesturnus_carunculatus","Philesturnus_carunculatus","Flying","0.467559801974045","0.130417881716249","0.357656540608694"
"Phoebastria_albatrus","Phoebastria_albatrus","Flying","0.400209504726349","0.150250304699565","0.354619395537118"
"Phoebastria_immutabilis","Phoebastria_immutabilis","Flying","0.405294596142516","0.148801130898719","0.356389280225289"
"Phoebastria_nigripes","Phoebastria_nigripes","Flying","0.375273291170965","0.158871102225913","0.349564361164646"
"Phoenicopterus_roseus","Phoenicopterus_roseus","Flying","0.538715525641249","0.111467463121596","0.371624257611111"
"Phoenicopterus_ruber","Phoenicopterus_ruber","Flying","0.531577097951991","0.113471732714192","0.37158874010106"
"Phoenicurus_auroreus","Phoenicurus_auroreus","Flying","0.575227077384196","0.112465769306791","0.412198472863608"
"Phoenicurus_frontalis","Phoenicurus_frontalis","Flying","0.532881914540731","0.122351975364549","0.395701106550224"
"Phylloscopus_borealis","Phylloscopus_borealis","Flying","0.580410088898804","0.113728936772902","0.425907042745564"
"Phylloscopus_fuscatus","Phylloscopus_fuscatus","Flying","0.499030802236509","0.130544576959106","0.385691044144242"
"Phylloscopus_inornatus","Phylloscopus_inornatus","Flying","0.527072203086045","0.113920415279991","0.36474317020917"
"Phylloscopus_proregulus","Phylloscopus_proregulus","Flying","0.594766088265799","0.103276328287007","0.399101835312519"
"Phylloscopus_tenellipes","Phylloscopus_tenellipes","Flying","0.601934534157377","0.105525889416303","0.426733519139936"
"Piaya_cayana","Piaya_cayana","Flying","0.444004898580221","0.123837989365606","0.320951228299832"
"Pica_pica","Pica_pica","Flying","0.279309236050904","0.171777947180914","0.305333431548296"
"Picathartes_gymnocephalus","Picathartes_gymnocephalus","Flying","0.49275799294166","0.137179060137303","0.402930602194612"
"Picumnus_innominatus","Picumnus_innominatus","Flying","0.613033741546951","0.0993907333886245","0.41323787663087"
"Picus_canus","Picus_canus","Flying","0.618838062339217","0.117389445375714","0.496322510160588"
"Pinicola_enucleator","Pinicola_enucleator","Flying","0.388721008171755","0.143566649308327","0.324565647741919"
"Pionites_leucogaster","Pionites_leucogaster","Flying","0.590060101423558","0.104272141258341","0.400974722255561"
"Piranga_bidentata","Piranga_bidentata","Flying","0.48855444981627","0.132677254731985","0.377787006932304"
"Piranga_erythrocephala","Piranga_erythrocephala","Flying","0.386068980087545","0.163772795288339","0.36142297973644"
"Piranga_flava","Piranga_flava","Flying","0.524219751450049","0.126716922767034","0.395615972767328"
"Piranga_hepatica","Piranga_hepatica","Flying","0.585677327747432","0.110137955238076","0.411071997066824"
"Piranga_leucoptera","Piranga_leucoptera","Flying","0.486568369147845","0.136303710404316","0.392372073948333"
"Piranga_ludoviciana","Piranga_ludoviciana","Flying","0.449752395441844","0.148197855186881","0.375179713744926"
"Piranga_lutea","Piranga_lutea","Flying","0.487044725330146","0.137287864216861","0.381224543332572"
"Piranga_olivacea","Piranga_olivacea","Flying","0.530957535809412","0.124891889640558","0.400876269768522"
"Piranga_roseogularis","Piranga_roseogularis","Flying","0.519297221259596","0.128586136010111","0.393621741640162"
"Piranga_rubra","Piranga_rubra","Flying","0.558112124658787","0.118278710866224","0.406417382026482"
"Piranga_rubriceps","Piranga_rubriceps","Flying","0.476030995561928","0.143578907549338","0.391765321285274"
"Pitta_sordida","Pitta_sordida","Flying","0.568808172764779","0.117916875795833","0.431184308208693"
"Platalea_leucorodia","Platalea_leucorodia","Flying","0.42660050268557","0.144242460426522","0.362726342243312"
"Platalea_minor","Platalea_minor","Flying","0.415123023272705","0.147309776476787","0.359326530695571"
"Platysteira_castanea","Platysteira_castanea","Flying","0.491251004389917","0.106904584560789","0.320639350685111"
"Ploceus_nigricollis","Ploceus_nigricollis","Flying","0.543930400433438","0.11762795889016","0.395329010817802"
"Pluvialis_squatarola","Pluvialis_squatarola","Flying","0.567683788030597","0.108832363032565","0.385421968555974"
"Podoces_hendersoni","Podoces_hendersoni","Flying","0.333285847040515","0.16968790987372","0.335658061378103"
"Poicephalus_senegalus","Poicephalus_senegalus","Flying","0.625451478644663","0.0952633582246371","0.416237801366867"
"Polioptila_caerulea","Polioptila_caerulea","Flying","0.463372436932384","0.126918017383522","0.348446027077529"
"Pomatorhinus_ruficollis","Pomatorhinus_ruficollis","Flying","0.493936802460284","0.128236883278667","0.386955841552218"
"Pomatostomus_ruficeps","Pomatostomus_ruficeps","Flying","0.37067283280191","0.180789061965311","0.388143771558781"
"Porphyrio_hochstetteri","Porphyrio_hochstetteri","Gruiformes","0.578137224885712","0.0901407834587848","0.348766451469603"
"Porzana_paykullii","Porzana_paykullii","Flying","0.459847773244716","0.123322142433464","0.331154200382065"
"Porzana_pusilla","Porzana_pusilla","Flying","0.478156543009962","0.117608097664006","0.33407769340188"
"Primolius_couloni","Primolius_couloni","Flying","0.487261487950037","0.130998068964423","0.3819101692381"
"Primolius_maracana","Primolius_maracana","Flying","0.458108962577245","0.136495367728057","0.369072467969161"
"Prodotiscus_insignis","Prodotiscus_insignis","Flying","0.333420439139431","0.174094108296426","0.34551152993162"
"Progne_chalybea","Progne_chalybea","Flying","0.559829554551267","0.106851992831475","0.37701856776159"
"Prosthemadera_novaeseelandiae","Prosthemadera_novaeseelandiae","Flying","0.264706287640791","0.177321357630263","0.306671900591905"
"Prunella_fulvescens","Prunella_fulvescens","Flying","0.444981668936052","0.13612231447514","0.355404512666125"
"Prunella_himalayana","Prunella_himalayana","Flying","0.481562886416396","0.124313034570771","0.350048512159957"
"Prunella_montanella","Prunella_montanella","Flying","0.404121040619892","0.148158716538785","0.341236683745925"
"Prunella_rubeculoides","Prunella_rubeculoides","Flying","0.447741248428191","0.133917120196888","0.35179060368822"
"Prunella_strophiata","Prunella_strophiata","Flying","0.436772123420893","0.137286157350725","0.352768184194681"
"Pseudoleistes_guirahuro","Pseudoleistes_guirahuro","Flying","0.498970311338613","0.129680338236062","0.380734796339967"
"Pseudoleistes_virescens","Pseudoleistes_virescens","Flying","0.503260516669512","0.131100028285105","0.387822558384973"
"Pseudonestor_xanthophrys","Pseudonestor_xanthophrys","Flying","0.470282856749517","0.133644423687526","0.36349013719602"
"Pseudopodoces_humilis","Pseudopodoces_humilis","Flying","0.559313218407136","0.114779089807022","0.406456272918179"
"Psittacula_alexandri","Psittacula_alexandri","Flying","0.566961753015293","0.104337289896327","0.368060864993643"
"Psittacula_cyanocephala","Psittacula_cyanocephala","Flying","0.58519007563","0.0962688173549678","0.365575383876936"
"Psittacula_derbiana","Psittacula_derbiana","Flying","0.549503020716771","0.108202947732749","0.365186533263854"
"Psittacula_eupatria","Psittacula_eupatria","Flying","0.618023922837998","0.0904028741623453","0.382959460443891"
"Psittacula_roseata","Psittacula_roseata","Flying","0.625281483292035","0.0861886621115232","0.371844215139178"
"Psittirostra_psittacea","Psittirostra_psittacea","Flying","0.450545008549617","0.137118763466748","0.358592151037748"
"Psittrichas_fulgidus","Psittrichas_fulgidus","Flying","0.651463227828256","0.0840891078183759","0.395647419920637"
"Psophia_crepitans","Psophia_crepitans","Gruiformes","0.56310493128955","0.11156528237762","0.398168744974122"
"Pterocles_burchelli","Pterocles_burchelli","Flying","0.312472613029727","0.184284650995285","0.349667914644969"
"Pteruthius_melanotis","Pteruthius_melanotis","Flying","0.363348537143895","0.149720639911712","0.313211977556197"
"Ptilorrhoa_caerulescens","Ptilorrhoa_caerulescens","Flying","0.459000838053211","0.119485235334663","0.315436739994061"
"Ptilorrhoa_leucosticta","Ptilorrhoa_leucosticta","Flying","0.507916883825768","0.101347395668404","0.305819845441338"
"Pycnonotus_jocosus","Pycnonotus_jocosus","Flying","0.440262407724554","0.134145133630087","0.340004787161257"
"Pycnonotus_melanicterus","Pycnonotus_melanicterus","Flying","0.450012469740538","0.132221354054136","0.350867951359168"
"Pycnonotus_sinensis","Pycnonotus_sinensis","Flying","0.507085629802925","0.115347496489955","0.350336156209777"
"Pycnonotus_taivanus","Pycnonotus_taivanus","Flying","0.502813031730756","0.116906860894219","0.349609029775995"
"Pycnonotus_xanthorrhous","Pycnonotus_xanthorrhous","Flying","0.458765622805113","0.12684589802015","0.345733877693515"
"Pygoscelis_adeliae","Pygoscelis_adeliae","Sphenisciformes","0.590638068127526","0.10714051660131","0.426178066765719"
"Pygoscelis_antarcticus","Pygoscelis_antarcticus","Sphenisciformes","0.606182256815431","0.103631859762815","0.423144379398632"
"Pygoscelis_papua","Pygoscelis_papua","Sphenisciformes","0.646541174980029","0.0943710666333058","0.439031034163983"
"Pyrrhocorax_graculus","Pyrrhocorax_graculus","Flying","0.226437591258065","0.171031231512581","0.277372406680579"
"Pyrrhocorax_pyrrhocorax","Pyrrhocorax_pyrrhocorax","Flying","0.245637770422488","0.176983175624551","0.285966828758661"
"Pyrrhula_pyrrhula","Pyrrhula_pyrrhula","Flying","0.493830076662183","0.126255893968935","0.37494357444312"
"Pyrrhura_rupicola","Pyrrhura_rupicola","Flying","0.671509653602203","0.0812829848360553","0.41228416424039"
"Quiscalus_mexicanus","Quiscalus_mexicanus","Flying","0.5204774632256","0.126386597580034","0.393856129678798"
"Quiscalus_quiscula","Quiscalus_quiscula","Flying","0.509408739523771","0.128500500823461","0.389178013625008"
"Rallus_aquaticus","Rallus_aquaticus","Flying","0.528722066207724","0.112828105753032","0.361965061474027"
"Recurvirostra_avosetta","Recurvirostra_avosetta","Flying","0.532605076788884","0.109709954843746","0.357809973406633"
"Regulus_calendula","Regulus_calendula","Flying","0.3366750455151","0.152581313274247","0.304884122068969"
"Regulus_regulus","Regulus_regulus","Flying","0.306467612089053","0.150519102298233","0.282551003324562"
"Regulus_satrapa","Regulus_satrapa","Flying","0.291696901914965","0.157701758102351","0.286872845141295"
"Remiz_consobrinus","Remiz_consobrinus","Flying","0.798516283613599","0.0575002539283327","0.519020094291232"
"Rhabdornis_inornatus","Rhabdornis_inornatus","Flying","0.492579359156844","0.126636021360339","0.366828096627508"
"Rhagologus_leucostigma","Rhagologus_leucostigma","Flying","0.293889683118134","0.146855642951391","0.263810686120253"
"Rhea_americana","Rhea_americana","Rheiformes","0.499729593249227","0.142643053716226","0.430024180803493"
"Rhea_pennata","Rhea_pennata","Rheiformes","0.489507271686247","0.146779514050909","0.432028279101254"
"Rhegmatorhina_hoffmannsi","Rhegmatorhina_hoffmannsi","Flying","0.411308972764956","0.162132198140113","0.388945157944512"
"Rhinopomastus_cyanomelas","Rhinopomastus_cyanomelas","Flying","0.462117934475267","0.136036859446535","0.37307139351931"
"Rhipidura_dahli","Rhipidura_dahli","Flying","0.30906987426887","0.166842588694813","0.31598451476184"
"Rhipidura_fuliginosa","Rhipidura_fuliginosa","Flying","0.269333237964403","0.168977796807587","0.293524951559024"
"Rhodinocichla_rosea","Rhodinocichla_rosea","Flying","0.524364896528674","0.129425697560072","0.413097548055033"
"Rhynchopsitta_terrisi","Rhynchopsitta_terrisi","Flying","0.341861139151345","0.168807507940931","0.34581724935687"
"Rhynochetos_jubatus","Rhynochetos_jubatus","Eurypygiformes","0.371052245412859","0.165190638070529","0.359809437639932"
"Rupicola_peruvianus","Rupicola_peruvianus","Flying","0.375949815829584","0.176841415948749","0.384415696950337"
"Sakesphorus_luctuosus","Sakesphorus_luctuosus","Flying","0.317997181135841","0.192623521850337","0.369178704432054"
"Saltator_similis","Saltator_similis","Flying","0.550683388196947","0.120235356432689","0.414665555525605"
"Sapayoa_aenigma","Sapayoa_aenigma","Flying","0.390993762066361","0.180652743872895","0.41368059303599"
"Sasia_ochracea","Sasia_ochracea","Flying","0.488603499771566","0.153701952420557","0.445988128181115"
"Sclerurus_mexicanus","Sclerurus_mexicanus","Flying","0.297854228462526","0.190062882224189","0.350173484193753"
"Scolopax_rusticola","Scolopax_rusticola","Flying","0.408676817962474","0.1440625286271","0.343168843196164"
"Scytalopus_superciliaris","Scytalopus_superciliaris","Flying","0.294048968294136","0.179032198104538","0.329828907300025"
"Serilophus_lunatus","Serilophus_lunatus","Flying","0.607589889383567","0.107757804991517","0.44112529929454"
"Serinus_albogularis","Serinus_albogularis","Flying","0.35160005960928","0.163008099332387","0.331705590998156"
"Serinus_canaria","Serinus_canaria","Flying","0.396281103039506","0.148899680531618","0.343082981984764"
"Sicalis_olivascens","Sicalis_olivascens","Flying","0.495998760376869","0.133372248821115","0.394865753492757"
"Sitta_carolinensis","Sitta_carolinensis","Flying","0.497151677264213","0.11598348329269","0.350062579285727"
"Sitta_europaea","Sitta_europaea","Flying","0.566969487893903","0.11137175922845","0.400135124825824"
"Sitta_himalayensis","Sitta_himalayensis","Flying","0.520453406496257","0.120926396911614","0.384481700414473"
"Sitta_nagaensis","Sitta_nagaensis","Flying","0.583445333705851","0.10680924294898","0.403335946407432"
"Sitta_villosa","Sitta_villosa","Flying","0.375516387424009","0.156506161390029","0.341955259541743"
"Smithornis_sharpei","Smithornis_sharpei","Flying","0.449025664710986","0.166333333875474","0.436175449052949"
"Spheniscus_demersus","Spheniscus_demersus","Sphenisciformes","0.660267570892368","0.0894055738069353","0.442070093175539"
"Spheniscus_humboldti","Spheniscus_humboldti","Sphenisciformes","0.622116093489071","0.100822365588488","0.433290380128056"
"Spheniscus_magellanicus","Spheniscus_magellanicus","Sphenisciformes","0.62020521378388","0.100755750527835","0.433198659302134"
"Spheniscus_mendiculus","Spheniscus_mendiculus","Sphenisciformes","0.617289438142055","0.102171846558578","0.432045610067373"
"Spilornis_cheela","Spilornis_cheela","Flying","0.617701920216728","0.100307186734952","0.42804328091741"
"Spizaetus_tyrannus","Spizaetus_tyrannus","Flying","0.555053259755088","0.121404885821183","0.423074444523077"
"Spizella_passerina","Spizella_passerina","Flying","0.554642347979885","0.119087537046792","0.4103831583621"
"Sporophila_hypoxantha","Sporophila_hypoxantha","Flying","0.554505918763562","0.122969703332103","0.418586007076961"
"Steatornis_caripensis","Steatornis_caripensis","Flying","0.467732459323013","0.130682003693688","0.361216501047548"
"Stercorarius_parasiticus","Stercorarius_parasiticus","Flying","0.255267917767342","0.18376058144027","0.317499299792754"
"Sterna_hirundo","Sterna_hirundo","Flying","0.2562882860971","0.186053201801413","0.316887516756815"
"Sterna_paradisaea","Sterna_paradisaea","Flying","0.22393106533835","0.196438294408267","0.310420282536832"
"Streptopelia_decaocto","Streptopelia_decaocto","Flying","0.397365054729033","0.161846226206971","0.37438565298082"
"Streptopelia_orientalis","Streptopelia_orientalis","Flying","0.453702265072752","0.146249537358847","0.392228481616345"
"Strigops_habroptila","Strigops_habroptila","Psittaciformes","0.263179518737758","0.179262448068364","0.311796575188162"
"Strix_uralensis","Strix_uralensis","Flying","0.516563154661813","0.128324602049388","0.399835565957146"
"Struthidea_cinerea","Struthidea_cinerea","Flying","0.445959357540372","0.131907854967111","0.343169080561899"
"Struthio_camelus","Struthio_camelus","Struthioniformes","0.406410554857354","0.147210671841895","0.355666246687847"
"Sturnus_cineraceus","Sturnus_cineraceus","Flying","0.614657404529039","0.092953152143708","0.383088021471241"
"Sturnus_sericeus","Sturnus_sericeus","Flying","0.650660617359532","0.0854720210298935","0.39718396302191"
"Sturnus_vulgaris","Sturnus_vulgaris","Flying","0.600230955702162","0.101196436958061","0.400566135118374"
"Sylvia_atricapilla","Sylvia_atricapilla","Flying","0.325448455145176","0.165964270201423","0.325214802695003"
"Sylvia_borin","Sylvia_borin","Flying","0.393112948728002","0.149640791502636","0.342427748239205"
"Sylviparus_modestus","Sylviparus_modestus","Flying","0.550882437673806","0.123659952487947","0.430483658173834"
"Synthliboramphus_antiquus","Synthliboramphus_antiquus","Flying","0.337650683147752","0.171713512198046","0.344150708512086"
"Synthliboramphus_wumizusume","Synthliboramphus_wumizusume","Flying","0.33127188624207","0.172706348927555","0.34016705923164"
"Tachuris_rubrigastra","Tachuris_rubrigastra","Flying","0.401278003066831","0.174122349875578","0.407781206258512"
"Tachybaptus_novaehollandiae","Tachybaptus_novaehollandiae","Flying","0.663714408058067","0.0789345073937347","0.389314347347909"
"Tachybaptus_ruficollis","Tachybaptus_ruficollis","Flying","0.58807405355633","0.10076962846679","0.373740946244331"
"Tachycineta_albilinea","Tachycineta_albilinea","Flying","0.569514588489274","0.108036796135321","0.385260606906263"
"Tachycineta_albiventer","Tachycineta_albiventer","Flying","0.558947609664552","0.109999822647314","0.385859559806059"
"Tachycineta_bicolor","Tachycineta_bicolor","Flying","0.565165480003331","0.109429311123368","0.389818734623004"
"Tachycineta_cyaneoviridis","Tachycineta_cyaneoviridis","Flying","0.495878427770533","0.124141670318286","0.358912640794743"
"Tachycineta_euchrysea","Tachycineta_euchrysea","Flying","0.583867526449432","0.103591187029767","0.38765220918536"
"Tachycineta_leucorrhoa","Tachycineta_leucorrhoa","Flying","0.5754561744815","0.104545200695721","0.38318445560121"
"Tachycineta_meyeni","Tachycineta_meyeni","Flying","0.606992823941318","0.0964474297255644","0.392221963498026"
"Tachycineta_stolzmanni","Tachycineta_stolzmanni","Flying","0.521099326586111","0.118374986844082","0.378134192522683"
"Tachycineta_thalassina","Tachycineta_thalassina","Flying","0.530406601915228","0.117522002879368","0.379866837423225"
"Tadorna_ferruginea","Tadorna_ferruginea","Flying","0.641414260054378","0.0860514812253634","0.395262582519635"
"Tadorna_tadorna","Tadorna_tadorna","Flying","0.65692073565121","0.0827611296044942","0.399590861093464"
"Taeniopygia_guttata","Taeniopygia_guttata","Flying","0.596040637589675","0.0912075435229018","0.361562684341815"
"Tarsiger_cyanurus","Tarsiger_cyanurus","Flying","0.565491384205954","0.111696725427795","0.402722349608728"
"Terpsiphone_atrocaudata","Terpsiphone_atrocaudata","Flying","0.386606654613686","0.139331901731432","0.314014631502912"
"Thraupis_episcopus","Thraupis_episcopus","Flying","0.532501123537586","0.119671835797845","0.386910132707319"
"Threskiornis_aethiopicus","Threskiornis_aethiopicus","Flying","0.420442084563895","0.148590975062959","0.36355572489954"
"Thryothorus_ludovicianus","Thryothorus_ludovicianus","Flying","0.657892567701212","0.0928609437497761","0.450335081930628"
"Tichodroma_muraria","Tichodroma_muraria","Flying","0.403147702752109","0.160026155810932","0.376433348630409"
"Tinamus_major","Tinamus_major","Tinamiformes","0.297926368405353","0.192575278824778","0.35115316032138"
"Todus_mexicanus","Todus_mexicanus","Flying","0.515863240222974","0.137957277144555","0.432697689713482"
"Toxostoma_redivivum","Toxostoma_redivivum","Flying","0.587226138958558","0.0979682404699348","0.371411060052047"
"Tregellasia_capito","Tregellasia_capito","Flying","0.475906803627329","0.131337900940397","0.364984150141788"
"Tregellasia_leucops","Tregellasia_leucops","Flying","0.466257492250609","0.134252912639694","0.364199195207007"
"Tringa_erythropus","Tringa_erythropus","Flying","0.427022778522704","0.147216779318771","0.357271198958231"
"Tringa_glareola","Tringa_glareola","Flying","0.319546787895725","0.174517745296687","0.338185904620822"
"Tringa_nebularia","Tringa_nebularia","Flying","0.341259098625792","0.167785160697051","0.342820323489324"
"Tringa_ochropus","Tringa_ochropus","Flying","0.390185918932055","0.15755850626199","0.353600321098812"
"Tringa_stagnatilis","Tringa_stagnatilis","Flying","0.373898316410407","0.160450469284007","0.351709749091762"
"Tringa_totanus","Tringa_totanus","Flying","0.35884042898071","0.164041659740966","0.346093395897449"
"Trogon_melanurus","Trogon_melanurus","Flying","0.310100675892087","0.170839302245464","0.323021495644663"
"Trogon_viridis","Trogon_viridis","Flying","0.198991357796501","0.199262069296155","0.297756203457803"
"Trugon_terrestris","Trugon_terrestris","Flying","0.302997466541924","0.187708827122272","0.346030637367504"
"Turdus_cardis","Turdus_cardis","Flying","0.60313685400431","0.107327895707564","0.434442642482488"
"Turdus_hortulorum","Turdus_hortulorum","Flying","0.590726616454599","0.111759627047438","0.430461482091083"
"Turdus_kessleri","Turdus_kessleri","Flying","0.542947777820818","0.124046123144521","0.417159629185414"
"Turdus_merula","Turdus_merula","Flying","0.560768962410544","0.118600825248954","0.419325835020697"
"Turdus_migratorius","Turdus_migratorius","Flying","0.601608792711438","0.109524286538184","0.422637817659054"
"Turdus_philomelos","Turdus_philomelos","Flying","0.486748634859151","0.139039314127764","0.391701186695079"
"Turdus_ruficollis","Turdus_ruficollis","Flying","0.580584096740966","0.113723268243114","0.424237007789639"
"Turdus_rufiventris","Turdus_rufiventris","Flying","0.57145496257667","0.117255738651759","0.422426817950763"
"Turnix_velox","Turnix_velox","Flying","0.461168649895965","0.146537253721697","0.394095895452878"
"Tyrannus_savana","Tyrannus_savana","Flying","0.25147577666446","0.202750515449588","0.338719068772818"
"Upupa_epops","Upupa_epops","Flying","0.567704479701001","0.102122924471817","0.367099824502236"
"Uragus_sibiricus","Uragus_sibiricus","Flying","0.503441549094421","0.12749419044676","0.377770539127249"
"Urocissa_caerulea","Urocissa_caerulea","Flying","0.388841585676219","0.141461444268491","0.32368328402763"
"Urocolius_indicus","Urocolius_indicus","Flying","0.394332746254271","0.146411202385783","0.340033118538484"
"Urocynchramus_pylzowi","Urocynchramus_pylzowi","Flying","0.422033175498047","0.144961066089577","0.350040588710232"
"Vanellus_cinereus","Vanellus_cinereus","Flying","0.482986401827157","0.130045051312337","0.368291706494582"
"Vanellus_vanellus","Vanellus_vanellus","Flying","0.465887240501486","0.129008796308595","0.354283987598123"
"Vestiaria_coccinea","Vestiaria_coccinea","Flying","0.427468264278278","0.145333513455275","0.352852013516745"
"Vidua_chalybeata","Vidua_chalybeata","Flying","0.519285786471055","0.100468269907483","0.307933564896106"
"Vidua_macroura","Vidua_macroura","Flying","0.562267850882827","0.0933997320379159","0.328709749991909"
"Vireo_altiloquus","Vireo_altiloquus","Flying","0.52788199743115","0.0967438856274376","0.31177836739622"
"Vireo_olivaceus","Vireo_olivaceus","Flying","0.52609993240119","0.0963376995890848","0.308522547117266"
"Xanthopsar_flavus","Xanthopsar_flavus","Flying","0.494518110419251","0.135222421015294","0.389957437012379"
"Xenus_cinereus","Xenus_cinereus","Flying","0.344242040809062","0.171703666045031","0.34783558898566"
"Xiphorhynchus_elegans","Xiphorhynchus_elegans","Flying","0.275973244260226","0.190471928210621","0.32818318253794"
"Yuhina_diademata","Yuhina_diademata","Flying","0.53570774595222","0.113654211431527","0.381853142609081"
"Yuhina_nigrimenta","Yuhina_nigrimenta","Flying","0.392461646284344","0.147335835187345","0.33574876263549"
"Zenaida_auriculata","Zenaida_auriculata","Flying","0.514203323261107","0.126484044645092","0.388717837828363"
"Zenaida_macroura","Zenaida_macroura","Flying","0.502148810551019","0.134456262572842","0.396762384056872"
"Zonotrichia_albicollis","Zonotrichia_albicollis","Flying","0.593540949234911","0.11191122394436","0.42696242938647"
"Zosterops_abyssinicus","Zosterops_abyssinicus","Flying","0.275746905574036","0.169511506232893","0.305221713805252"
"Zosterops_erythropleurus","Zosterops_erythropleurus","Flying","0.319116554084653","0.163775365828197","0.322257165759604"
"Zosterops_lateralis","Zosterops_lateralis","Flying","0.372910020562935","0.150253633434954","0.335831118409343"
"Zosterops_poliogastrus","Zosterops_poliogastrus","Flying","0.29161084950874","0.166470723881206","0.30726653915091"
