Species,Phenotype,Class,Taxonomy,NeutralA,NeutralT,NeutralG,NeutralC,FrA,FrT,FrG,FrC,GhAhSkew,Passeriformes,locomotive_type,locomotive_tools
Acanthis_flammea,,"WI",Aves,Eukaryota_Metazoa_Chordata_Craniata_Vertebrata_Euteleostomi_Archelosauria_Archosauria_Dinosauria_Saurischia_Theropoda_Coelurosauria_Aves_Neognathae_Passeriformes_Passeroidea_Fringillidae_Carduelinae_Acanthis,804,285,71,743,0.422490803993694,0.149763531266421,0.0373095112979506,0.390436153441934,0.445525291828794,1,NA,NA
Accipiter_nisus,,"AI",Aves,Eukaryota_Metazoa_Chordata_Craniata_Vertebrata_Euteleostomi_Archelosauria_Archosauria_Dinosauria_Saurischia_Theropoda_Coelurosauria_Aves_Neognathae_Falconiformes_Accipitridae_Accipitrinae_Accipiter,808,306,57,728,0.42548709847288,0.161137440758294,0.0300157977883096,0.383359662980516,0.408123791102515,0,NA,NA
Accipiter_virgatus,,"AI",Aves,Eukaryota_Metazoa_Chordata_Craniata_Vertebrata_Euteleostomi_Archelosauria_Archosauria_Dinosauria_Saurischia_Theropoda_Coelurosauria_Aves_Neognathae_Falconiformes_Accipitridae_Accipitrinae_Accipiter,796,227,44,826,0.420496566296883,0.119915478077126,0.02324352879028,0.436344426835711,0.568850902184236,0,NA,NA
Acridotheres_cristatellus,,"TROPIC",Aves,Eukaryota_Metazoa_Chordata_Craniata_Vertebrata_Euteleostomi_Archelosauria_Archosauria_Dinosauria_Saurischia_Theropoda_Coelurosauria_Aves_Neognathae_Passeriformes_Sturnidae_Acridotheres,804,175,124,812,0.419843342036554,0.0913838120104439,0.0647519582245431,0.42402088772846,0.645390070921986,1,NA,NA
Acryllium_vulturinum,,"NF",Aves,Eukaryota_Metazoa_Chordata_Craniata_Vertebrata_Euteleostomi_Archelosauria_Archosauria_Dinosauria_Saurischia_Theropoda_Coelurosauria_Aves_Neognathae_Galloanserae_Galliformes_Numididae_Acryllium,802,260,86,802,0.411282051282051,0.133333333333333,0.0441025641025641,0.411282051282051,0.510357815442561,0,NA,NA
Aegithalos_fuliginosus,,"TROPIC",Aves,Eukaryota_Metazoa_Chordata_Craniata_Vertebrata_Euteleostomi_Archelosauria_Archosauria_Dinosauria_Saurischia_Theropoda_Coelurosauria_Aves_Neognathae_Passeriformes_Corvoidea_Aegithalidae_Aegithalos,795,306,87,758,0.408530318602261,0.157245632065776,0.0447070914696814,0.389516957862282,0.424812030075188,1,NA,NA
Aegotheles_cristatus,,"TROPIC",Aves,Eukaryota_Metazoa_Chordata_Craniata_Vertebrata_Euteleostomi_Archelosauria_Archosauria_Dinosauria_Saurischia_Theropoda_Coelurosauria_Aves_Neognathae_Caprimulgiformes_Aegothelidae_Aegotheles,802,300,90,732,0.416839916839917,0.155925155925156,0.0467775467775468,0.38045738045738,0.418604651162791,0,NA,NA
Agapornis_roseicollis,,"TROPIC",Aves,Eukaryota_Metazoa_Chordata_Craniata_Vertebrata_Euteleostomi_Archelosauria_Archosauria_Dinosauria_Saurischia_Theropoda_Coelurosauria_Aves_Neognathae_Psittaciformes_Psittacidae_Agapornis,727,197,109,961,0.364593781344032,0.0987963891675025,0.0546639919759278,0.481945837512538,0.659758203799655,0,NA,NA
Aix_galericulata,,"FM",Aves,Eukaryota_Metazoa_Chordata_Craniata_Vertebrata_Euteleostomi_Archelosauria_Archosauria_Dinosauria_Saurischia_Theropoda_Coelurosauria_Aves_Neognathae_Galloanserae_Anseriformes_Anatidae_Aix,775,177,183,849,0.390625,0.0892137096774194,0.0922379032258065,0.427923387096774,0.654970760233918,0,NA,NA
Alauda_arvensis,,"FM",Aves,Eukaryota_Metazoa_Chordata_Craniata_Vertebrata_Euteleostomi_Archelosauria_Archosauria_Dinosauria_Saurischia_Theropoda_Coelurosauria_Aves_Neognathae_Passeriformes_Passeroidea_Alaudidae_Alauda,736,209,107,923,0.372658227848101,0.105822784810127,0.0541772151898734,0.467341772151899,0.630742049469965,1,NA,NA
Alectura_lathami,,"TROPIC",Aves,Eukaryota_Metazoa_Chordata_Craniata_Vertebrata_Euteleostomi_Archelosauria_Archosauria_Dinosauria_Saurischia_Theropoda_Coelurosauria_Aves_Neognathae_Galloanserae_Galliformes_Megapodiidae_Alectura,726,271,164,843,0.362275449101796,0.135229540918164,0.0818363273453094,0.420658682634731,0.513464991023339,0,NA,NA
Amaurornis_phoenicurus,,"TROPIC",Aves,Eukaryota_Metazoa_Chordata_Craniata_Vertebrata_Euteleostomi_Archelosauria_Archosauria_Dinosauria_Saurischia_Theropoda_Coelurosauria_Aves_Neognathae_Gruiformes_Rallidae_Amaurornis,915,279,61,576,0.499726925177499,0.152375750955762,0.0333151283451666,0.314582195521573,0.347368421052632,0,NA,NA
Amazilia_versicolor,,"AI",Aves,Eukaryota_Metazoa_Chordata_Craniata_Vertebrata_Euteleostomi_Archelosauria_Archosauria_Dinosauria_Saurischia_Theropoda_Coelurosauria_Aves_Neognathae_Trochiliformes_Trochilidae_Amazilia,817,259,97,744,0.426186750130412,0.135106937923839,0.0505998956703182,0.38810641627543,0.483549351944167,0,NA,NA
Anas_acuta,,"FM",Aves,Eukaryota_Metazoa_Chordata_Craniata_Vertebrata_Euteleostomi_Archelosauria_Archosauria_Dinosauria_Saurischia_Theropoda_Coelurosauria_Aves_Neognathae_Galloanserae_Anseriformes_Anatidae_Anas,745,159,220,869,0.373808329152032,0.0797792272955344,0.110386352232815,0.436026091319619,0.690661478599222,0,NA,NA
Anas_clypeata,,"FM",Aves,Eukaryota_Metazoa_Chordata_Craniata_Vertebrata_Euteleostomi_Archelosauria_Archosauria_Dinosauria_Saurischia_Theropoda_Coelurosauria_Aves_Neognathae_Galloanserae_Anseriformes_Anatidae_Anas,771,185,196,836,0.387826961770624,0.0930583501006036,0.0985915492957746,0.420523138832998,0.637610186092067,0,NA,NA
Anas_crecca,,"FM",Aves,Eukaryota_Metazoa_Chordata_Craniata_Vertebrata_Euteleostomi_Archelosauria_Archosauria_Dinosauria_Saurischia_Theropoda_Coelurosauria_Aves_Neognathae_Galloanserae_Anseriformes_Anatidae_Anas,760,182,197,845,0.383064516129032,0.0917338709677419,0.0992943548387097,0.425907258064516,0.645569620253165,0,NA,NA
Anas_platyrhynchos,,"FM",Aves,Eukaryota_Metazoa_Chordata_Craniata_Vertebrata_Euteleostomi_Archelosauria_Archosauria_Dinosauria_Saurischia_Theropoda_Coelurosauria_Aves_Neognathae_Galloanserae_Anseriformes_Anatidae_Anas,769,181,183,853,0.387210473313192,0.0911379657603223,0.0921450151057402,0.429506545820745,0.649903288201161,0,NA,NA
Anas_poecilorhyncha,,"TROPIC",Aves,Eukaryota_Metazoa_Chordata_Craniata_Vertebrata_Euteleostomi_Archelosauria_Archosauria_Dinosauria_Saurischia_Theropoda_Coelurosauria_Aves_Neognathae_Galloanserae_Anseriformes_Anatidae_Anas,768,181,185,853,0.386512330145949,0.0910920986411676,0.0931051836940111,0.429290387518873,0.649903288201161,0,NA,NA
Anomalopteryx_didiformis,,"NF",Aves,Eukaryota_Metazoa_Chordata_Craniata_Vertebrata_Euteleostomi_Archelosauria_Archosauria_Dinosauria_Saurischia_Theropoda_Coelurosauria_Aves_Palaeognathae_Dinornithiformes_Emeidae_Anomalopteryx,802,288,81,765,0.414256198347107,0.148760330578512,0.0418388429752066,0.395144628099174,0.452991452991453,0,NA,NA
Anser_anser,,"FM",Aves,Eukaryota_Metazoa_Chordata_Craniata_Vertebrata_Euteleostomi_Archelosauria_Archosauria_Dinosauria_Saurischia_Theropoda_Coelurosauria_Aves_Neognathae_Galloanserae_Anseriformes_Anatidae_Anser,803,195,154,771,0.417576703068123,0.101404056162246,0.0800832033281331,0.400936037441498,0.596273291925466,0,NA,NA
Anser_cygnoides,,"FM",Aves,Eukaryota_Metazoa_Chordata_Craniata_Vertebrata_Euteleostomi_Archelosauria_Archosauria_Dinosauria_Saurischia_Theropoda_Coelurosauria_Aves_Neognathae_Galloanserae_Anseriformes_Anatidae_Anser,806,191,148,775,0.419791666666667,0.0994791666666667,0.0770833333333333,0.403645833333333,0.604554865424431,0,NA,NA
Anthropoides_paradiseus,,"TROPIC",Aves,Eukaryota_Metazoa_Chordata_Craniata_Vertebrata_Euteleostomi_Archelosauria_Archosauria_Dinosauria_Saurischia_Theropoda_Coelurosauria_Aves_Neognathae_Gruiformes_Gruidae_Anthropoides,822,261,67,720,0.439572192513369,0.139572192513369,0.0358288770053476,0.385026737967914,0.467889908256881,0,NA,NA
Anthropoides_virgo,,"FM",Aves,Eukaryota_Metazoa_Chordata_Craniata_Vertebrata_Euteleostomi_Archelosauria_Archosauria_Dinosauria_Saurischia_Theropoda_Coelurosauria_Aves_Neognathae_Gruiformes_Gruidae_Anthropoides,822,243,74,742,0.437001594896332,0.129186602870813,0.0393407761828814,0.394471026049973,0.506598984771574,0,NA,NA
Anthus_novaeseelandiae,,"TROPIC",Aves,Eukaryota_Metazoa_Chordata_Craniata_Vertebrata_Euteleostomi_Archelosauria_Archosauria_Dinosauria_Saurischia_Theropoda_Coelurosauria_Aves_Neognathae_Passeriformes_Passeroidea_Motacillidae_Anthus,757,226,94,866,0.389603705609882,0.116314976839938,0.0483787956767885,0.445702521873392,0.586080586080586,1,NA,NA
Aptenodytes_forsteri,,"DI",Aves,Eukaryota_Metazoa_Chordata_Craniata_Vertebrata_Euteleostomi_Archelosauria_Archosauria_Dinosauria_Saurischia_Theropoda_Coelurosauria_Aves_Neognathae_Sphenisciformes_Spheniscidae_Aptenodytes,801,213,86,857,0.40929994890138,0.108840061318344,0.0439448134900358,0.43791517629024,0.601869158878505,0,NA,NA
Aptenodytes_forsteri,,"NF",Aves,Eukaryota_Metazoa_Chordata_Craniata_Vertebrata_Euteleostomi_Archelosauria_Archosauria_Dinosauria_Saurischia_Theropoda_Coelurosauria_Aves_Neognathae_Sphenisciformes_Spheniscidae_Aptenodytes,801,213,86,857,0.40929994890138,0.108840061318344,0.0439448134900358,0.43791517629024,0.601869158878505,0,NA,NA
Aptenodytes_forsteri,,"WI",Aves,Eukaryota_Metazoa_Chordata_Craniata_Vertebrata_Euteleostomi_Archelosauria_Archosauria_Dinosauria_Saurischia_Theropoda_Coelurosauria_Aves_Neognathae_Sphenisciformes_Spheniscidae_Aptenodytes,801,213,86,857,0.40929994890138,0.108840061318344,0.0439448134900358,0.43791517629024,0.601869158878505,0,NA,NA
Apteryx_haastii,,"NF",Aves,Eukaryota_Metazoa_Chordata_Craniata_Vertebrata_Euteleostomi_Archelosauria_Archosauria_Dinosauria_Saurischia_Theropoda_Coelurosauria_Aves_Palaeognathae_Apterygiformes_Apterygidae_Apteryx,832,339,61,674,0.436516264428122,0.177859391395593,0.0320041972717733,0.353620146904512,0.330700888450148,0,NA,NA
Apteryx_owenii,,"NF",Aves,Eukaryota_Metazoa_Chordata_Craniata_Vertebrata_Euteleostomi_Archelosauria_Archosauria_Dinosauria_Saurischia_Theropoda_Coelurosauria_Aves_Palaeognathae_Apterygiformes_Apterygidae_Apteryx,830,365,64,648,0.435238594651285,0.19140010487677,0.0335605663345569,0.339800734137389,0.279368213228036,0,NA,NA
Apus_apus,,"AI",Aves,Eukaryota_Metazoa_Chordata_Craniata_Vertebrata_Euteleostomi_Archelosauria_Archosauria_Dinosauria_Saurischia_Theropoda_Coelurosauria_Aves_Neognathae_Apodiformes_Apodidae_Apus,817,285,46,769,0.426186750130412,0.148669796557121,0.0239958268127282,0.401147626499739,0.459203036053131,0,NA,NA
Arborophila_ardens,,"TROPIC",Aves,Eukaryota_Metazoa_Chordata_Craniata_Vertebrata_Euteleostomi_Archelosauria_Archosauria_Dinosauria_Saurischia_Theropoda_Coelurosauria_Aves_Neognathae_Galloanserae_Galliformes_Phasianidae_Perdicinae_Arborophila,813,267,68,793,0.418856259659969,0.137557959814529,0.0350334878928387,0.408552292632664,0.49622641509434,0,NA,NA
Arborophila_brunneopectus,,"TROPIC",Aves,Eukaryota_Metazoa_Chordata_Craniata_Vertebrata_Euteleostomi_Archelosauria_Archosauria_Dinosauria_Saurischia_Theropoda_Coelurosauria_Aves_Neognathae_Galloanserae_Galliformes_Phasianidae_Perdicinae_Arborophila,817,286,66,773,0.420700308959835,0.147270854788877,0.0339855818743563,0.398043254376931,0.459867799811143,0,NA,NA
Arborophila_rufipectus,,"TROPIC",Aves,Eukaryota_Metazoa_Chordata_Craniata_Vertebrata_Euteleostomi_Archelosauria_Archosauria_Dinosauria_Saurischia_Theropoda_Coelurosauria_Aves_Neognathae_Galloanserae_Galliformes_Phasianidae_Perdicinae_Arborophila,806,288,86,793,0.408514951849975,0.145970603142423,0.0435884439939179,0.401926001013685,0.467160037002775,0,NA,NA
Archilochus_colubris,,"AI",Aves,Eukaryota_Metazoa_Chordata_Craniata_Vertebrata_Euteleostomi_Archelosauria_Archosauria_Dinosauria_Saurischia_Theropoda_Coelurosauria_Aves_Neognathae_Trochiliformes_Trochilidae_Archilochus,805,275,100,733,0.42080501829587,0.143753267119707,0.0522739153162572,0.383167799268165,0.454365079365079,0,NA,NA
Arenaria_interpres,,"FM",Aves,Eukaryota_Metazoa_Chordata_Craniata_Vertebrata_Euteleostomi_Archelosauria_Archosauria_Dinosauria_Saurischia_Theropoda_Coelurosauria_Aves_Neognathae_Charadriiformes_Scolopacidae_Arenaria,777,319,86,714,0.409810126582278,0.168248945147679,0.0453586497890295,0.376582278481013,0.382381413359148,0,NA,NA
Asio_flammeus,,"FM",Aves,Eukaryota_Metazoa_Chordata_Craniata_Vertebrata_Euteleostomi_Archelosauria_Archosauria_Dinosauria_Saurischia_Theropoda_Coelurosauria_Aves_Neognathae_Strigiformes_Strigidae_Asio,793,306,63,783,0.407712082262211,0.1573264781491,0.0323907455012853,0.402570694087404,0.43801652892562,0,NA,NA
Aythya_americana,,"FM",Aves,Eukaryota_Metazoa_Chordata_Craniata_Vertebrata_Euteleostomi_Archelosauria_Archosauria_Dinosauria_Saurischia_Theropoda_Coelurosauria_Aves_Neognathae_Galloanserae_Anseriformes_Anatidae_Aythya,772,184,176,837,0.39207719654647,0.0934484509903504,0.0893854748603352,0.425088877602844,0.639569049951028,0,NA,NA
Aythya_americana,,"DI",Aves,Eukaryota_Metazoa_Chordata_Craniata_Vertebrata_Euteleostomi_Archelosauria_Archosauria_Dinosauria_Saurischia_Theropoda_Coelurosauria_Aves_Neognathae_Galloanserae_Anseriformes_Anatidae_Aythya,772,184,176,837,0.39207719654647,0.0934484509903504,0.0893854748603352,0.425088877602844,0.639569049951028,0,NA,NA
Aythya_ferina,,"FM",Aves,Eukaryota_Metazoa_Chordata_Craniata_Vertebrata_Euteleostomi_Archelosauria_Archosauria_Dinosauria_Saurischia_Theropoda_Coelurosauria_Aves_Neognathae_Galloanserae_Anseriformes_Anatidae_Aythya,769,179,170,845,0.39174732552216,0.0911869587366276,0.086602139582272,0.43046357615894,0.650390625,0,NA,NA
Aythya_ferina,,"DI",Aves,Eukaryota_Metazoa_Chordata_Craniata_Vertebrata_Euteleostomi_Archelosauria_Archosauria_Dinosauria_Saurischia_Theropoda_Coelurosauria_Aves_Neognathae_Galloanserae_Anseriformes_Anatidae_Aythya,769,179,170,845,0.39174732552216,0.0911869587366276,0.086602139582272,0.43046357615894,0.650390625,0,NA,NA
Aythya_fuligula,,"DI",Aves,Eukaryota_Metazoa_Chordata_Craniata_Vertebrata_Euteleostomi_Archelosauria_Archosauria_Dinosauria_Saurischia_Theropoda_Coelurosauria_Aves_Neognathae_Galloanserae_Anseriformes_Anatidae_Aythya,762,185,168,850,0.387786259541985,0.094147582697201,0.0854961832061069,0.432569974554707,0.642512077294686,0,NA,NA
Aythya_fuligula,,"FM",Aves,Eukaryota_Metazoa_Chordata_Craniata_Vertebrata_Euteleostomi_Archelosauria_Archosauria_Dinosauria_Saurischia_Theropoda_Coelurosauria_Aves_Neognathae_Galloanserae_Anseriformes_Anatidae_Aythya,762,185,168,850,0.387786259541985,0.094147582697201,0.0854961832061069,0.432569974554707,0.642512077294686,0,NA,NA
Balearica_pavonina,,"TROPIC",Aves,Eukaryota_Metazoa_Chordata_Craniata_Vertebrata_Euteleostomi_Archelosauria_Archosauria_Dinosauria_Saurischia_Theropoda_Coelurosauria_Aves_Neognathae_Gruiformes_Gruidae_Balearica,804,247,80,747,0.428115015974441,0.131522896698616,0.0425985090521832,0.39776357827476,0.503018108651911,0,NA,NA
Balearica_regulorum,,"TROPIC",Aves,Eukaryota_Metazoa_Chordata_Craniata_Vertebrata_Euteleostomi_Archelosauria_Archosauria_Dinosauria_Saurischia_Theropoda_Coelurosauria_Aves_Neognathae_Gruiformes_Gruidae_Balearica,808,254,79,725,0.433011789924973,0.136120042872454,0.0423365487674169,0.388531618435155,0.481103166496425,0,NA,NA
Buteo_buteo,,"AI",Aves,Eukaryota_Metazoa_Chordata_Craniata_Vertebrata_Euteleostomi_Archelosauria_Archosauria_Dinosauria_Saurischia_Theropoda_Coelurosauria_Aves_Neognathae_Falconiformes_Accipitridae_Accipitrinae_Buteo,788,270,48,829,0.407235142118863,0.13953488372093,0.0248062015503876,0.428423772609819,0.508644222020018,0,NA,NA
Buteo_hemilasius,,"AI",Aves,Eukaryota_Metazoa_Chordata_Craniata_Vertebrata_Euteleostomi_Archelosauria_Archosauria_Dinosauria_Saurischia_Theropoda_Coelurosauria_Aves_Neognathae_Falconiformes_Accipitridae_Accipitrinae_Buteo,782,256,54,846,0.403508771929825,0.132094943240454,0.0278637770897833,0.436532507739938,0.535390199637024,0,NA,NA
Buteo_lagopus,,"AI",Aves,Eukaryota_Metazoa_Chordata_Craniata_Vertebrata_Euteleostomi_Archelosauria_Archosauria_Dinosauria_Saurischia_Theropoda_Coelurosauria_Aves_Neognathae_Falconiformes_Accipitridae_Accipitrinae_Buteo,787,248,54,849,0.40608875128999,0.12796697626419,0.0278637770897833,0.438080495356037,0.547857793983592,0,NA,NA
Cairina_moschata,,"TROPIC",Aves,Eukaryota_Metazoa_Chordata_Craniata_Vertebrata_Euteleostomi_Archelosauria_Archosauria_Dinosauria_Saurischia_Theropoda_Coelurosauria_Aves_Neognathae_Galloanserae_Anseriformes_Anatidae_Cairina,743,162,221,863,0.373554550025138,0.081447963800905,0.111111111111111,0.433886375062846,0.68390243902439,0,NA,NA
Callipepla_squamata,,"TROPIC",Aves,Eukaryota_Metazoa_Chordata_Craniata_Vertebrata_Euteleostomi_Archelosauria_Archosauria_Dinosauria_Saurischia_Theropoda_Coelurosauria_Aves_Neognathae_Galloanserae_Galliformes_Odontophoridae_Callipepla,821,254,48,809,0.424948240165631,0.131469979296066,0.0248447204968944,0.418737060041408,0.522107243650047,0,NA,NA
Calliphlox_amethystina,,"AI",Aves,Eukaryota_Metazoa_Chordata_Craniata_Vertebrata_Euteleostomi_Archelosauria_Archosauria_Dinosauria_Saurischia_Theropoda_Coelurosauria_Aves_Neognathae_Trochiliformes_Trochilidae_Calliphlox,825,279,95,727,0.428348909657321,0.144859813084112,0.04932502596054,0.377466251298027,0.445328031809145,0,NA,NA
Campephilus_guatemalensis,,"TROPIC",Aves,Eukaryota_Metazoa_Chordata_Craniata_Vertebrata_Euteleostomi_Archelosauria_Archosauria_Dinosauria_Saurischia_Theropoda_Coelurosauria_Aves_Neognathae_Piciformes_Picidae_Campephilus,657,279,89,1010,0.322850122850123,0.137100737100737,0.0437346437346437,0.496314496314496,0.56710628394104,0,NA,NA
Campylorhynchus_brunneicapillus,,"TROPIC",Aves,Eukaryota_Metazoa_Chordata_Craniata_Vertebrata_Euteleostomi_Archelosauria_Archosauria_Dinosauria_Saurischia_Theropoda_Coelurosauria_Aves_Neognathae_Passeriformes_Certhiidae_Troglodytinae_Campylorhynchus,706,151,167,987,0.351069119840875,0.0750870213823968,0.0830432620586773,0.490800596718051,0.734622144112478,1,NA,NA
Casuarius_casuarius,,"NF",Aves,Eukaryota_Metazoa_Chordata_Craniata_Vertebrata_Euteleostomi_Archelosauria_Archosauria_Dinosauria_Saurischia_Theropoda_Coelurosauria_Aves_Palaeognathae_Casuariiformes_Casuariidae_Casuarius,814,370,94,645,0.423296931877275,0.192407696307852,0.0488819552782111,0.335413416536661,0.270935960591133,0,NA,NA
Cecropis_daurica,,"AI",Aves,Eukaryota_Metazoa_Chordata_Craniata_Vertebrata_Euteleostomi_Archelosauria_Archosauria_Dinosauria_Saurischia_Theropoda_Coelurosauria_Aves_Neognathae_Passeriformes_Hirundinidae_Cecropis,818,218,107,775,0.426485922836288,0.113660062565172,0.0557872784150156,0.404066736183525,0.560926485397784,1,NA,NA
Ceryle_rudis,,"TROPIC",Aves,Eukaryota_Metazoa_Chordata_Craniata_Vertebrata_Euteleostomi_Archelosauria_Archosauria_Dinosauria_Saurischia_Theropoda_Coelurosauria_Aves_Neognathae_Coraciiformes_Cerylidae_Ceryle,821,247,44,755,0.439742903053026,0.132297803963578,0.0235672201392608,0.404392072844135,0.506986027944112,0,NA,NA
Chaetura_pelagica,,"AI",Aves,Eukaryota_Metazoa_Chordata_Craniata_Vertebrata_Euteleostomi_Archelosauria_Archosauria_Dinosauria_Saurischia_Theropoda_Coelurosauria_Aves_Neognathae_Apodiformes_Apodidae_Chaetura,825,208,55,830,0.430135557872784,0.10844629822732,0.0286757038581856,0.43274244004171,0.599229287090559,0,NA,NA
Chroicocephalus_ridibundus,,"AI",Aves,Eukaryota_Metazoa_Chordata_Craniata_Vertebrata_Euteleostomi_Archelosauria_Archosauria_Dinosauria_Saurischia_Theropoda_Coelurosauria_Aves_Neognathae_Charadriiformes_Laridae_Chroicocephalus,792,289,107,717,0.415748031496063,0.151706036745407,0.0561679790026247,0.376377952755906,0.42544731610338,0,NA,NA
Chrysolampis_mosquitus,,"AI",Aves,Eukaryota_Metazoa_Chordata_Craniata_Vertebrata_Euteleostomi_Archelosauria_Archosauria_Dinosauria_Saurischia_Theropoda_Coelurosauria_Aves_Neognathae_Trochiliformes_Trochilidae_Chrysolampis,823,254,136,729,0.423789907312049,0.130792996910402,0.0700308959835221,0.375386199794027,0.483214649033571,0,NA,NA
Chrysomus_cyanopus,,"TROPIC",Aves,Eukaryota_Metazoa_Chordata_Craniata_Vertebrata_Euteleostomi_Archelosauria_Archosauria_Dinosauria_Saurischia_Theropoda_Coelurosauria_Aves_Neognathae_Passeriformes_Passeroidea_Icteridae_Chrysomus,805,252,90,781,0.41753112033195,0.130705394190871,0.0466804979253112,0.405082987551867,0.512100677637948,1,NA,NA
Chrysomus_ruficapillus,,"TROPIC",Aves,Eukaryota_Metazoa_Chordata_Craniata_Vertebrata_Euteleostomi_Archelosauria_Archosauria_Dinosauria_Saurischia_Theropoda_Coelurosauria_Aves_Neognathae_Passeriformes_Passeroidea_Icteridae_Chrysomus,827,253,74,765,0.430953621677957,0.131839499739448,0.0385617509119333,0.398645127670662,0.502946954813359,1,NA,NA
Chrysomus_xanthophthalmus,,"TROPIC",Aves,Eukaryota_Metazoa_Chordata_Craniata_Vertebrata_Euteleostomi_Archelosauria_Archosauria_Dinosauria_Saurischia_Theropoda_Coelurosauria_Aves_Neognathae_Passeriformes_Passeroidea_Icteridae_Chrysomus,803,250,93,784,0.416062176165803,0.129533678756477,0.0481865284974093,0.406217616580311,0.516441005802708,1,NA,NA
Ciconia_ciconia,,"FM",Aves,Eukaryota_Metazoa_Chordata_Craniata_Vertebrata_Euteleostomi_Archelosauria_Archosauria_Dinosauria_Saurischia_Theropoda_Coelurosauria_Aves_Neognathae_Ciconiiformes_Ciconiidae_Ciconia,779,237,72,843,0.40341791817711,0.122734334541688,0.0372863801139306,0.436561367167271,0.561111111111111,0,NA,NA
Ciconia_nigra,,"FM",Aves,Eukaryota_Metazoa_Chordata_Craniata_Vertebrata_Euteleostomi_Archelosauria_Archosauria_Dinosauria_Saurischia_Theropoda_Coelurosauria_Aves_Neognathae_Ciconiiformes_Ciconiidae_Ciconia,796,230,78,843,0.408834103749358,0.118130457113508,0.0400616332819723,0.432973805855162,0.571295433364399,0,NA,NA
Cnemotriccus_fuscatus,,"TROPIC",Aves,Eukaryota_Metazoa_Chordata_Craniata_Vertebrata_Euteleostomi_Archelosauria_Archosauria_Dinosauria_Saurischia_Theropoda_Coelurosauria_Aves_Neognathae_Passeriformes_Tyrannidae_Cnemotriccus,737,502,67,607,0.385258755880815,0.262415054887611,0.0350235232618923,0.317302665969681,0.0946798917944094,1,NA,NA
Copsychus_saularis,,"TROPIC",Aves,Eukaryota_Metazoa_Chordata_Craniata_Vertebrata_Euteleostomi_Archelosauria_Archosauria_Dinosauria_Saurischia_Theropoda_Coelurosauria_Aves_Neognathae_Passeriformes_Muscicapidae_Copsychus,751,253,111,835,0.385128205128205,0.12974358974359,0.0569230769230769,0.428205128205128,0.534926470588235,1,NA,NA
Corvus_hawaiiensis,,"TROPIC",Aves,Eukaryota_Metazoa_Chordata_Craniata_Vertebrata_Euteleostomi_Archelosauria_Archosauria_Dinosauria_Saurischia_Theropoda_Coelurosauria_Aves_Neognathae_Passeriformes_Corvoidea_Corvidae_Corvus,836,317,114,594,0.449220849005911,0.170338527673294,0.061257388500806,0.319183234819989,0.304061470911087,1,NA,NA
Corvus_splendens,,"TROPIC",Aves,Eukaryota_Metazoa_Chordata_Craniata_Vertebrata_Euteleostomi_Archelosauria_Archosauria_Dinosauria_Saurischia_Theropoda_Coelurosauria_Aves_Neognathae_Passeriformes_Corvoidea_Corvidae_Corvus,850,314,114,620,0.447839831401475,0.165437302423604,0.0600632244467861,0.326659641728135,0.32762312633833,1,NA,NA
Coturnicops_exquisitus,,"FM",Aves,Eukaryota_Metazoa_Chordata_Craniata_Vertebrata_Euteleostomi_Archelosauria_Archosauria_Dinosauria_Saurischia_Theropoda_Coelurosauria_Aves_Neognathae_Gruiformes_Rallidae_Coturnicops,941,209,69,593,0.519315673289183,0.115342163355408,0.0380794701986755,0.327262693156733,0.478802992518703,0,NA,NA
Coturnix_japonica,,"FM",Aves,Eukaryota_Metazoa_Chordata_Craniata_Vertebrata_Euteleostomi_Archelosauria_Archosauria_Dinosauria_Saurischia_Theropoda_Coelurosauria_Aves_Neognathae_Galloanserae_Galliformes_Phasianidae_Perdicinae_Coturnix,840,273,44,763,0.4375,0.1421875,0.0229166666666667,0.397395833333333,0.472972972972973,0,NA,NA
Crax_daubentoni,,"TROPIC",Aves,Eukaryota_Metazoa_Chordata_Craniata_Vertebrata_Euteleostomi_Archelosauria_Archosauria_Dinosauria_Saurischia_Theropoda_Coelurosauria_Aves_Neognathae_Galloanserae_Galliformes_Cracidae_Crax,769,275,104,808,0.393149284253579,0.140593047034765,0.0531697341513292,0.413087934560327,0.492151431209603,0,NA,NA
Crax_rubra,,"TROPIC",Aves,Eukaryota_Metazoa_Chordata_Craniata_Vertebrata_Euteleostomi_Archelosauria_Archosauria_Dinosauria_Saurischia_Theropoda_Coelurosauria_Aves_Neognathae_Galloanserae_Galliformes_Cracidae_Crax,766,270,102,822,0.390816326530612,0.137755102040816,0.0520408163265306,0.419387755102041,0.505494505494505,0,NA,NA
Crossoptilon_auritum,,"HI",Aves,Eukaryota_Metazoa_Chordata_Craniata_Vertebrata_Euteleostomi_Archelosauria_Archosauria_Dinosauria_Saurischia_Theropoda_Coelurosauria_Aves_Neognathae_Galloanserae_Galliformes_Phasianidae_Phasianinae_Crossoptilon,773,294,97,797,0.394186639469658,0.149923508414074,0.0494645588985212,0.406425293217746,0.461044912923923,0,NA,NA
Crossoptilon_crossoptilon,,"HI",Aves,Eukaryota_Metazoa_Chordata_Craniata_Vertebrata_Euteleostomi_Archelosauria_Archosauria_Dinosauria_Saurischia_Theropoda_Coelurosauria_Aves_Neognathae_Galloanserae_Galliformes_Phasianidae_Phasianinae_Crossoptilon,779,298,91,796,0.396639511201629,0.15173116089613,0.0463340122199593,0.405295315682281,0.455210237659963,0,NA,NA
Crossoptilon_harmani,,"HI",Aves,Eukaryota_Metazoa_Chordata_Craniata_Vertebrata_Euteleostomi_Archelosauria_Archosauria_Dinosauria_Saurischia_Theropoda_Coelurosauria_Aves_Neognathae_Galloanserae_Galliformes_Phasianidae_Phasianinae_Crossoptilon,778,298,91,794,0.39673635900051,0.151963284038756,0.0464048954614992,0.404895461499235,0.454212454212454,0,NA,NA
Cuculus_poliocephalus,,"FM",Aves,Eukaryota_Metazoa_Chordata_Craniata_Vertebrata_Euteleostomi_Archelosauria_Archosauria_Dinosauria_Saurischia_Theropoda_Coelurosauria_Aves_Neognathae_Cuculiformes_Cuculidae_Cuculus,926,237,61,599,0.507953922106418,0.130005485463522,0.0334613274821722,0.328579264947888,0.433014354066986,0,NA,NA
Curaeus_curaeus,,"TROPIC",Aves,Eukaryota_Metazoa_Chordata_Craniata_Vertebrata_Euteleostomi_Archelosauria_Archosauria_Dinosauria_Saurischia_Theropoda_Coelurosauria_Aves_Neognathae_Passeriformes_Passeroidea_Icteridae_Curaeus,798,279,94,751,0.41519250780437,0.145161290322581,0.0489073881373569,0.390738813735692,0.458252427184466,1,NA,NA
Cyanoptila_cyanomelana,,"FM",Aves,Eukaryota_Metazoa_Chordata_Craniata_Vertebrata_Euteleostomi_Archelosauria_Archosauria_Dinosauria_Saurischia_Theropoda_Coelurosauria_Aves_Neognathae_Passeriformes_Muscicapidae_Cyanoptila,791,207,104,807,0.41435306443164,0.108433734939759,0.0544787847040335,0.422734415924568,0.591715976331361,1,NA,NA
Cygnus_atratus,,"TROPIC",Aves,Eukaryota_Metazoa_Chordata_Craniata_Vertebrata_Euteleostomi_Archelosauria_Archosauria_Dinosauria_Saurischia_Theropoda_Coelurosauria_Aves_Neognathae_Galloanserae_Anseriformes_Anatidae_Cygnus,794,178,197,793,0.404689092762487,0.09072375127421,0.100407747196738,0.404179408766565,0.633367662203913,0,NA,NA
Cygnus_columbianus,,"FM",Aves,Eukaryota_Metazoa_Chordata_Craniata_Vertebrata_Euteleostomi_Archelosauria_Archosauria_Dinosauria_Saurischia_Theropoda_Coelurosauria_Aves_Neognathae_Galloanserae_Anseriformes_Anatidae_Cygnus,799,226,152,744,0.415929203539823,0.117647058823529,0.0791254554919313,0.387298282144716,0.534020618556701,0,NA,NA
Cygnus_cygnus,,"FM",Aves,Eukaryota_Metazoa_Chordata_Craniata_Vertebrata_Euteleostomi_Archelosauria_Archosauria_Dinosauria_Saurischia_Theropoda_Coelurosauria_Aves_Neognathae_Galloanserae_Anseriformes_Anatidae_Cygnus,795,225,151,753,0.413201663201663,0.116943866943867,0.0784823284823285,0.391372141372141,0.539877300613497,0,NA,NA
Cygnus_olor,,"FM",Aves,Eukaryota_Metazoa_Chordata_Craniata_Vertebrata_Euteleostomi_Archelosauria_Archosauria_Dinosauria_Saurischia_Theropoda_Coelurosauria_Aves_Neognathae_Galloanserae_Anseriformes_Anatidae_Cygnus,787,194,204,766,0.403382880574065,0.0994361865709892,0.10456176319836,0.392619169656586,0.595833333333333,0,NA,NA
Dendrocopos_leucotos,,"WI",Aves,Eukaryota_Metazoa_Chordata_Craniata_Vertebrata_Euteleostomi_Archelosauria_Archosauria_Dinosauria_Saurischia_Theropoda_Coelurosauria_Aves_Neognathae_Piciformes_Picidae_Dendrocopos,660,272,84,1020,0.324165029469548,0.133595284872299,0.0412573673870334,0.50098231827112,0.578947368421053,0,NA,NA
Dendrocopos_major,,"WI",Aves,Eukaryota_Metazoa_Chordata_Craniata_Vertebrata_Euteleostomi_Archelosauria_Archosauria_Dinosauria_Saurischia_Theropoda_Coelurosauria_Aves_Neognathae_Piciformes_Picidae_Dendrocopos,653,293,78,994,0.323587710604559,0.145193260654113,0.0386521308225966,0.492566897918731,0.544677544677545,0,NA,NA
Dinornis_giganteus,,"NF",Aves,Eukaryota_Metazoa_Chordata_Craniata_Vertebrata_Euteleostomi_Archelosauria_Archosauria_Dinosauria_Saurischia_Theropoda_Coelurosauria_Aves_Palaeognathae_Dinornithiformes_Dinornithidae_Dinornis,795,288,100,757,0.40979381443299,0.148453608247423,0.0515463917525773,0.39020618556701,0.448803827751196,0,NA,NA
Dives_dives,,"TROPIC",Aves,Eukaryota_Metazoa_Chordata_Craniata_Vertebrata_Euteleostomi_Archelosauria_Archosauria_Dinosauria_Saurischia_Theropoda_Coelurosauria_Aves_Neognathae_Passeriformes_Passeroidea_Icteridae_Dives,817,220,88,802,0.423975090814738,0.1141670991178,0.0456668396471199,0.416190970420342,0.569471624266145,1,NA,NA
Dromaius_novaehollandiae,,"NF",Aves,Eukaryota_Metazoa_Chordata_Craniata_Vertebrata_Euteleostomi_Archelosauria_Archosauria_Dinosauria_Saurischia_Theropoda_Coelurosauria_Aves_Palaeognathae_Casuariiformes_Dromaiidae_Dromaius,843,382,74,612,0.441130298273155,0.199895342752486,0.0387231815803244,0.320251177394035,0.231388329979879,0,NA,NA
Eclectus_roratus,,"TROPIC",Aves,Eukaryota_Metazoa_Chordata_Craniata_Vertebrata_Euteleostomi_Archelosauria_Archosauria_Dinosauria_Saurischia_Theropoda_Coelurosauria_Aves_Neognathae_Psittaciformes_Psittacidae_Eclectus,880,170,38,802,0.465608465608466,0.0899470899470899,0.0201058201058201,0.424338624338624,0.650205761316872,0,NA,NA
Egretta_eulophotes,,"FM",Aves,Eukaryota_Metazoa_Chordata_Craniata_Vertebrata_Euteleostomi_Archelosauria_Archosauria_Dinosauria_Saurischia_Theropoda_Coelurosauria_Aves_Neognathae_Pelecaniformes_Ardeidae_Egretta,811,244,58,800,0.423941453214846,0.127548353371668,0.0303188708834292,0.418191322530057,0.532567049808429,0,NA,NA
Emberiza_chrysophrys,,"FM",Aves,Eukaryota_Metazoa_Chordata_Craniata_Vertebrata_Euteleostomi_Archelosauria_Archosauria_Dinosauria_Saurischia_Theropoda_Coelurosauria_Aves_Neognathae_Passeriformes_Passeroidea_Fringillidae_Emberizinae_Emberizini_Emberiza,764,178,142,878,0.389398572884811,0.09072375127421,0.072375127420999,0.44750254841998,0.662878787878788,1,NA,NA
Emberiza_pusilla,,"FM",Aves,Eukaryota_Metazoa_Chordata_Craniata_Vertebrata_Euteleostomi_Archelosauria_Archosauria_Dinosauria_Saurischia_Theropoda_Coelurosauria_Aves_Neognathae_Passeriformes_Passeroidea_Fringillidae_Emberizinae_Emberizini_Emberiza,786,222,121,846,0.397974683544304,0.112405063291139,0.0612658227848101,0.428354430379747,0.584269662921348,1,NA,NA
Emberiza_rutila,,"FM",Aves,Eukaryota_Metazoa_Chordata_Craniata_Vertebrata_Euteleostomi_Archelosauria_Archosauria_Dinosauria_Saurischia_Theropoda_Coelurosauria_Aves_Neognathae_Passeriformes_Passeroidea_Fringillidae_Emberizinae_Emberizini_Emberiza,789,224,105,847,0.401526717557252,0.113994910941476,0.0534351145038168,0.431043256997455,0.581699346405229,1,NA,NA
Emberiza_tristrami,,"FM",Aves,Eukaryota_Metazoa_Chordata_Craniata_Vertebrata_Euteleostomi_Archelosauria_Archosauria_Dinosauria_Saurischia_Theropoda_Coelurosauria_Aves_Neognathae_Passeriformes_Passeroidea_Fringillidae_Emberizinae_Emberizini_Emberiza,787,196,119,863,0.400508905852417,0.0997455470737914,0.060559796437659,0.439185750636132,0.629839471199245,1,NA,NA
Emeus_crassus,,"NF",Aves,Eukaryota_Metazoa_Chordata_Craniata_Vertebrata_Euteleostomi_Archelosauria_Archosauria_Dinosauria_Saurischia_Theropoda_Coelurosauria_Aves_Palaeognathae_Dinornithiformes_Emeidae_Emeus,795,292,79,762,0.412344398340249,0.151452282157676,0.0409751037344398,0.395228215767635,0.445920303605313,0,NA,NA
Eopsaltria_australis,,"TROPIC",Aves,Eukaryota_Metazoa_Chordata_Craniata_Vertebrata_Euteleostomi_Archelosauria_Archosauria_Dinosauria_Saurischia_Theropoda_Coelurosauria_Aves_Neognathae_Passeriformes_Petroicidae_Eopsaltria,823,259,91,722,0.434300791556728,0.136675461741425,0.0480211081794195,0.381002638522427,0.471967380224261,1,NA,NA
Eopsaltria_georgiana,,"TROPIC",Aves,Eukaryota_Metazoa_Chordata_Craniata_Vertebrata_Euteleostomi_Archelosauria_Archosauria_Dinosauria_Saurischia_Theropoda_Coelurosauria_Aves_Neognathae_Passeriformes_Petroicidae_Eopsaltria,831,250,130,711,0.432362122788762,0.130072840790843,0.0676378772112383,0.369927159209157,0.479708636836629,1,NA,NA
Eopsaltria_griseogularis,,"TROPIC",Aves,Eukaryota_Metazoa_Chordata_Craniata_Vertebrata_Euteleostomi_Archelosauria_Archosauria_Dinosauria_Saurischia_Theropoda_Coelurosauria_Aves_Neognathae_Passeriformes_Petroicidae_Eopsaltria,832,250,129,711,0.432882414151925,0.130072840790843,0.0671175858480749,0.369927159209157,0.479708636836629,1,NA,NA
Epthianura_albifrons,,"TROPIC",Aves,Eukaryota_Metazoa_Chordata_Craniata_Vertebrata_Euteleostomi_Archelosauria_Archosauria_Dinosauria_Saurischia_Theropoda_Coelurosauria_Aves_Neognathae_Passeriformes_Meliphagidae_Epthianura,819,217,72,773,0.435406698564593,0.115364167995747,0.0382775119617225,0.410951621477937,0.561616161616162,1,NA,NA
Eudocimus_ruber,,"TROPIC",Aves,Eukaryota_Metazoa_Chordata_Craniata_Vertebrata_Euteleostomi_Archelosauria_Archosauria_Dinosauria_Saurischia_Theropoda_Coelurosauria_Aves_Neognathae_Pelecaniformes_Threskiornithidae_Eudocimus,807,299,64,736,0.423399790136411,0.156873032528856,0.0335781741867786,0.386149003147954,0.422222222222222,0,NA,NA
Eudromia_elegans,,"NF",Aves,Eukaryota_Metazoa_Chordata_Craniata_Vertebrata_Euteleostomi_Archelosauria_Archosauria_Dinosauria_Saurischia_Theropoda_Coelurosauria_Aves_Palaeognathae_Tinamiformes_Tinamidae_Eudromia,710,415,43,767,0.366925064599483,0.214470284237726,0.0222222222222222,0.396382428940568,0.297800338409475,0,NA,NA
Eudyptes_chrysocome,,"DI",Aves,Eukaryota_Metazoa_Chordata_Craniata_Vertebrata_Euteleostomi_Archelosauria_Archosauria_Dinosauria_Saurischia_Theropoda_Coelurosauria_Aves_Neognathae_Sphenisciformes_Spheniscidae_Eudyptes,792,195,55,895,0.408879710893134,0.100671140939597,0.0283944243675787,0.46205472379969,0.642201834862385,0,NA,NA
Eudyptes_chrysocome,,"NF",Aves,Eukaryota_Metazoa_Chordata_Craniata_Vertebrata_Euteleostomi_Archelosauria_Archosauria_Dinosauria_Saurischia_Theropoda_Coelurosauria_Aves_Neognathae_Sphenisciformes_Spheniscidae_Eudyptes,792,195,55,895,0.408879710893134,0.100671140939597,0.0283944243675787,0.46205472379969,0.642201834862385,0,NA,NA
Eudyptula_minor,,"DI",Aves,Eukaryota_Metazoa_Chordata_Craniata_Vertebrata_Euteleostomi_Archelosauria_Archosauria_Dinosauria_Saurischia_Theropoda_Coelurosauria_Aves_Neognathae_Sphenisciformes_Spheniscidae_Eudyptula,804,219,57,849,0.416796267496112,0.11353032659409,0.0295489891135303,0.440124416796268,0.589887640449438,0,NA,NA
Eudyptula_minor,,"NF",Aves,Eukaryota_Metazoa_Chordata_Craniata_Vertebrata_Euteleostomi_Archelosauria_Archosauria_Dinosauria_Saurischia_Theropoda_Coelurosauria_Aves_Neognathae_Sphenisciformes_Spheniscidae_Eudyptula,804,219,57,849,0.416796267496112,0.11353032659409,0.0295489891135303,0.440124416796268,0.589887640449438,0,NA,NA
Eulabeornis_castaneoventris,,"TROPIC",Aves,Eukaryota_Metazoa_Chordata_Craniata_Vertebrata_Euteleostomi_Archelosauria_Archosauria_Dinosauria_Saurischia_Theropoda_Coelurosauria_Aves_Neognathae_Gruiformes_Rallidae_Eulabeornis,829,242,86,729,0.439554612937434,0.128313891834571,0.0455991516436903,0.386532343584305,0.501544799176107,0,NA,NA
Euphagus_cyanocephalus,,"FM",Aves,Eukaryota_Metazoa_Chordata_Craniata_Vertebrata_Euteleostomi_Archelosauria_Archosauria_Dinosauria_Saurischia_Theropoda_Coelurosauria_Aves_Neognathae_Passeriformes_Passeroidea_Icteridae_Euphagus,822,242,85,770,0.428348097967692,0.126107347576863,0.044293903074518,0.401250651380928,0.521739130434783,1,NA,NA
Falco_cherrug,,"AI",Aves,Eukaryota_Metazoa_Chordata_Craniata_Vertebrata_Euteleostomi_Archelosauria_Archosauria_Dinosauria_Saurischia_Theropoda_Coelurosauria_Aves_Neognathae_Falconiformes_Falconidae_Falco,812,231,74,789,0.426023084994753,0.121196222455404,0.0388247639034627,0.41395592864638,0.547058823529412,0,NA,NA
Falco_columbarius,,"AI",Aves,Eukaryota_Metazoa_Chordata_Craniata_Vertebrata_Euteleostomi_Archelosauria_Archosauria_Dinosauria_Saurischia_Theropoda_Coelurosauria_Aves_Neognathae_Falconiformes_Falconidae_Falco,816,214,66,808,0.428571428571429,0.112394957983193,0.0346638655462185,0.42436974789916,0.581213307240705,0,NA,NA
Falco_naumanni,,"AI",Aves,Eukaryota_Metazoa_Chordata_Craniata_Vertebrata_Euteleostomi_Archelosauria_Archosauria_Dinosauria_Saurischia_Theropoda_Coelurosauria_Aves_Neognathae_Falconiformes_Falconidae_Falco,810,151,66,867,0.42766631467793,0.0797254487856389,0.0348468848996832,0.457761351636748,0.703339882121807,0,NA,NA
Falco_peregrinus,,"AI",Aves,Eukaryota_Metazoa_Chordata_Craniata_Vertebrata_Euteleostomi_Archelosauria_Archosauria_Dinosauria_Saurischia_Theropoda_Coelurosauria_Aves_Neognathae_Falconiformes_Falconidae_Falco,821,222,69,796,0.430293501048218,0.116352201257862,0.0361635220125786,0.417190775681342,0.56385068762279,0,NA,NA
Falco_rusticolus,,"AI",Aves,Eukaryota_Metazoa_Chordata_Craniata_Vertebrata_Euteleostomi_Archelosauria_Archosauria_Dinosauria_Saurischia_Theropoda_Coelurosauria_Aves_Neognathae_Falconiformes_Falconidae_Falco,822,223,69,797,0.430141287284144,0.116692830978545,0.0361067503924647,0.417059131344846,0.562745098039216,0,NA,NA
Falco_tinnunculus,,"AI",Aves,Eukaryota_Metazoa_Chordata_Craniata_Vertebrata_Euteleostomi_Archelosauria_Archosauria_Dinosauria_Saurischia_Theropoda_Coelurosauria_Aves_Neognathae_Falconiformes_Falconidae_Falco,809,154,67,862,0.427589852008457,0.0813953488372093,0.0354122621564482,0.455602536997886,0.696850393700787,0,NA,NA
Ficedula_albicollis,,"FM",Aves,Eukaryota_Metazoa_Chordata_Craniata_Vertebrata_Euteleostomi_Archelosauria_Archosauria_Dinosauria_Saurischia_Theropoda_Coelurosauria_Aves_Neognathae_Passeriformes_Muscicapidae_Ficedula,755,195,134,879,0.384615384615385,0.0993377483443709,0.0682628629648497,0.447784004075395,0.636871508379888,1,NA,NA
Ficedula_zanthopygia,,"FM",Aves,Eukaryota_Metazoa_Chordata_Craniata_Vertebrata_Euteleostomi_Archelosauria_Archosauria_Dinosauria_Saurischia_Theropoda_Coelurosauria_Aves_Neognathae_Passeriformes_Muscicapidae_Ficedula,766,261,110,790,0.397509081473793,0.135443694862481,0.0570835495588998,0.409963674104826,0.503330161750714,1,NA,NA
Florisuga_fusca,,"AI",Aves,Eukaryota_Metazoa_Chordata_Craniata_Vertebrata_Euteleostomi_Archelosauria_Archosauria_Dinosauria_Saurischia_Theropoda_Coelurosauria_Aves_Neognathae_Trochiliformes_Trochilidae_Florisuga,802,237,93,803,0.414470284237726,0.122480620155039,0.048062015503876,0.414987080103359,0.544230769230769,0,NA,NA
Florisuga_mellivora,,"AI",Aves,Eukaryota_Metazoa_Chordata_Craniata_Vertebrata_Euteleostomi_Archelosauria_Archosauria_Dinosauria_Saurischia_Theropoda_Coelurosauria_Aves_Neognathae_Trochiliformes_Trochilidae_Florisuga,805,256,99,794,0.411975435005118,0.131013306038895,0.0506653019447288,0.406345957011259,0.512380952380952,0,NA,NA
Francolinus_pintadeanus,,"TROPIC",Aves,Eukaryota_Metazoa_Chordata_Craniata_Vertebrata_Euteleostomi_Archelosauria_Archosauria_Dinosauria_Saurischia_Theropoda_Coelurosauria_Aves_Neognathae_Galloanserae_Galliformes_Phasianidae_Perdicinae_Francolinus,824,289,60,776,0.422780913288866,0.148281169830682,0.0307850179579271,0.398152898922524,0.457276995305164,0,NA,NA
Fringilla_montifringilla,,"FM",Aves,Eukaryota_Metazoa_Chordata_Craniata_Vertebrata_Euteleostomi_Archelosauria_Archosauria_Dinosauria_Saurischia_Theropoda_Coelurosauria_Aves_Neognathae_Passeriformes_Passeroidea_Fringillidae_Fringillinae_Fringilla,803,222,72,807,0.421743697478992,0.116596638655462,0.0378151260504202,0.423844537815126,0.568513119533528,1,NA,NA
Gallirallus_okinawae,,"NF",Aves,Eukaryota_Metazoa_Chordata_Craniata_Vertebrata_Euteleostomi_Archelosauria_Archosauria_Dinosauria_Saurischia_Theropoda_Coelurosauria_Aves_Neognathae_Gruiformes_Rallidae_Gallirallus,827,231,71,755,0.43895966029724,0.122611464968153,0.0376857749469214,0.400743099787686,0.531440162271805,0,NA,NA
Gallus_lafayetii,,"TROPIC",Aves,Eukaryota_Metazoa_Chordata_Craniata_Vertebrata_Euteleostomi_Archelosauria_Archosauria_Dinosauria_Saurischia_Theropoda_Coelurosauria_Aves_Neognathae_Galloanserae_Galliformes_Phasianidae_Phasianinae_Gallus,785,243,79,842,0.402770651616213,0.124679322729605,0.0405336069779374,0.432016418676244,0.552073732718894,0,NA,NA
Gallus_sonneratii,,"TROPIC",Aves,Eukaryota_Metazoa_Chordata_Craniata_Vertebrata_Euteleostomi_Archelosauria_Archosauria_Dinosauria_Saurischia_Theropoda_Coelurosauria_Aves_Neognathae_Galloanserae_Galliformes_Phasianidae_Phasianinae_Gallus,801,251,70,829,0.410558687852383,0.128651973347002,0.0358790363915941,0.424910302409021,0.535185185185185,0,NA,NA
Garrulax_canorus,,"TROPIC",Aves,Eukaryota_Metazoa_Chordata_Craniata_Vertebrata_Euteleostomi_Archelosauria_Archosauria_Dinosauria_Saurischia_Theropoda_Coelurosauria_Aves_Neognathae_Passeriformes_Leiothrichidae_Garrulax,776,224,118,840,0.39632277834525,0.114402451481103,0.0602655771195097,0.429009193054137,0.578947368421053,1,NA,NA
Garrulax_cineraceus,,"TROPIC",Aves,Eukaryota_Metazoa_Chordata_Craniata_Vertebrata_Euteleostomi_Archelosauria_Archosauria_Dinosauria_Saurischia_Theropoda_Coelurosauria_Aves_Neognathae_Passeriformes_Leiothrichidae_Garrulax,780,197,103,862,0.401647785787848,0.101441812564367,0.053038105046344,0.443872296601442,0.62795089707271,1,NA,NA
Garrulax_perspicillatus,,"TROPIC",Aves,Eukaryota_Metazoa_Chordata_Craniata_Vertebrata_Euteleostomi_Archelosauria_Archosauria_Dinosauria_Saurischia_Theropoda_Coelurosauria_Aves_Neognathae_Passeriformes_Leiothrichidae_Garrulax,781,244,108,817,0.40051282051282,0.125128205128205,0.0553846153846154,0.418974358974359,0.540056550424128,1,NA,NA
Garrulax_poecilorhynchus,,"TROPIC",Aves,Eukaryota_Metazoa_Chordata_Craniata_Vertebrata_Euteleostomi_Archelosauria_Archosauria_Dinosauria_Saurischia_Theropoda_Coelurosauria_Aves_Neognathae_Passeriformes_Leiothrichidae_Garrulax,826,284,66,751,0.428645563051375,0.147379346133887,0.0342501297353399,0.389724961079398,0.451207729468599,1,NA,NA
Garrulax_sannio,,"TROPIC",Aves,Eukaryota_Metazoa_Chordata_Craniata_Vertebrata_Euteleostomi_Archelosauria_Archosauria_Dinosauria_Saurischia_Theropoda_Coelurosauria_Aves_Neognathae_Passeriformes_Leiothrichidae_Garrulax,789,198,128,843,0.402962206332993,0.101123595505618,0.0653728294177732,0.430541368743616,0.619596541786744,1,NA,NA
Garrulus_glandarius,,"WI",Aves,Eukaryota_Metazoa_Chordata_Craniata_Vertebrata_Euteleostomi_Archelosauria_Archosauria_Dinosauria_Saurischia_Theropoda_Coelurosauria_Aves_Neognathae_Passeriformes_Corvoidea_Corvidae_Garrulus,826,333,88,617,0.4431330472103,0.178648068669528,0.0472103004291846,0.331008583690987,0.298947368421053,1,NA,NA
Gavia_stellata,,"FM",Aves,Eukaryota_Metazoa_Chordata_Craniata_Vertebrata_Euteleostomi_Archelosauria_Archosauria_Dinosauria_Saurischia_Theropoda_Coelurosauria_Aves_Neognathae_Gaviiformes_Gaviidae_Gavia,780,225,87,838,0.404145077720207,0.116580310880829,0.0450777202072539,0.43419689119171,0.576669802445908,0,NA,NA
Gavia_stellata,,"DI",Aves,Eukaryota_Metazoa_Chordata_Craniata_Vertebrata_Euteleostomi_Archelosauria_Archosauria_Dinosauria_Saurischia_Theropoda_Coelurosauria_Aves_Neognathae_Gaviiformes_Gaviidae_Gavia,780,225,87,838,0.404145077720207,0.116580310880829,0.0450777202072539,0.43419689119171,0.576669802445908,0,NA,NA
Geococcyx_californianus,,"TROPIC",Aves,Eukaryota_Metazoa_Chordata_Craniata_Vertebrata_Euteleostomi_Archelosauria_Archosauria_Dinosauria_Saurischia_Theropoda_Coelurosauria_Aves_Neognathae_Cuculiformes_Neomorphidae_Geococcyx,855,212,41,771,0.455029270888771,0.112825971261309,0.0218201170835551,0.410324640766365,0.568667344862665,0,NA,NA
Gerygone_igata,,"TROPIC",Aves,Eukaryota_Metazoa_Chordata_Craniata_Vertebrata_Euteleostomi_Archelosauria_Archosauria_Dinosauria_Saurischia_Theropoda_Coelurosauria_Aves_Neognathae_Passeriformes_Acanthizidae_Gerygone,732,300,123,803,0.373850868232891,0.153217568947906,0.0628192032686415,0.410112359550562,0.456029011786038,1,NA,NA
Gorsachius_goisagi,,"FM",Aves,Eukaryota_Metazoa_Chordata_Craniata_Vertebrata_Euteleostomi_Archelosauria_Archosauria_Dinosauria_Saurischia_Theropoda_Coelurosauria_Aves_Neognathae_Pelecaniformes_Ardeidae_Gorsachius,848,292,26,695,0.45566899516389,0.15690488984417,0.0139709833422891,0.373455131649651,0.408308004052685,0,NA,NA
Gracula_religiosa,,"TROPIC",Aves,Eukaryota_Metazoa_Chordata_Craniata_Vertebrata_Euteleostomi_Archelosauria_Archosauria_Dinosauria_Saurischia_Theropoda_Coelurosauria_Aves_Neognathae_Passeriformes_Sturnidae_Gracula,766,211,93,876,0.393627954779034,0.108427543679342,0.0477903391572456,0.450154162384378,0.611775528978841,1,NA,NA
Grus_americana,,"FM",Aves,Eukaryota_Metazoa_Chordata_Craniata_Vertebrata_Euteleostomi_Archelosauria_Archosauria_Dinosauria_Saurischia_Theropoda_Coelurosauria_Aves_Neognathae_Gruiformes_Gruidae_Grus,833,267,59,715,0.444503735325507,0.14247598719317,0.0314834578441836,0.38153681963714,0.456211812627291,0,NA,NA
Grus_grus,,"FM",Aves,Eukaryota_Metazoa_Chordata_Craniata_Vertebrata_Euteleostomi_Archelosauria_Archosauria_Dinosauria_Saurischia_Theropoda_Coelurosauria_Aves_Neognathae_Gruiformes_Gruidae_Grus,823,261,58,723,0.441286863270777,0.139946380697051,0.0310991957104558,0.387667560321716,0.469512195121951,0,NA,NA
Grus_japonensis,,"FM",Aves,Eukaryota_Metazoa_Chordata_Craniata_Vertebrata_Euteleostomi_Archelosauria_Archosauria_Dinosauria_Saurischia_Theropoda_Coelurosauria_Aves_Neognathae_Gruiformes_Gruidae_Grus,827,256,65,723,0.442009620523784,0.136825227151256,0.0347407803313736,0.386424371993586,0.477017364657814,0,NA,NA
Grus_leucogeranus,,"FM",Aves,Eukaryota_Metazoa_Chordata_Craniata_Vertebrata_Euteleostomi_Archelosauria_Archosauria_Dinosauria_Saurischia_Theropoda_Coelurosauria_Aves_Neognathae_Gruiformes_Gruidae_Grus,821,256,65,724,0.439978563772776,0.137191854233655,0.0348338692390139,0.387995712754555,0.477551020408163,0,NA,NA
Grus_monacha,,"FM",Aves,Eukaryota_Metazoa_Chordata_Craniata_Vertebrata_Euteleostomi_Archelosauria_Archosauria_Dinosauria_Saurischia_Theropoda_Coelurosauria_Aves_Neognathae_Gruiformes_Gruidae_Grus,831,255,58,731,0.4432,0.136,0.0309333333333333,0.389866666666667,0.482758620689655,0,NA,NA
Grus_rubicunda,,"TROPIC",Aves,Eukaryota_Metazoa_Chordata_Craniata_Vertebrata_Euteleostomi_Archelosauria_Archosauria_Dinosauria_Saurischia_Theropoda_Coelurosauria_Aves_Neognathae_Gruiformes_Gruidae_Grus,826,264,51,731,0.441239316239316,0.141025641025641,0.0272435897435897,0.390491452991453,0.469346733668342,0,NA,NA
Grus_vipio,,"FM",Aves,Eukaryota_Metazoa_Chordata_Craniata_Vertebrata_Euteleostomi_Archelosauria_Archosauria_Dinosauria_Saurischia_Theropoda_Coelurosauria_Aves_Neognathae_Gruiformes_Gruidae_Grus,833,257,60,721,0.445216461785142,0.137359700694816,0.0320684126135756,0.385355424906467,0.474437627811861,0,NA,NA
Gymnomystax_mexicanus,,"TROPIC",Aves,Eukaryota_Metazoa_Chordata_Craniata_Vertebrata_Euteleostomi_Archelosauria_Archosauria_Dinosauria_Saurischia_Theropoda_Coelurosauria_Aves_Neognathae_Passeriformes_Passeroidea_Icteridae_Gymnomystax,811,222,91,791,0.423498694516971,0.115926892950392,0.0475195822454308,0.413054830287206,0.561697926949654,1,NA,NA
Halcyon_pileata,,"FM",Aves,Eukaryota_Metazoa_Chordata_Craniata_Vertebrata_Euteleostomi_Archelosauria_Archosauria_Dinosauria_Saurischia_Theropoda_Coelurosauria_Aves_Neognathae_Coraciiformes_Alcedinidae_Halcyon,776,208,71,859,0.405433646812957,0.108672936259143,0.0370950888192267,0.448798328108673,0.610121836925961,0,NA,NA
Heliodoxa_aurescens,,"AI",Aves,Eukaryota_Metazoa_Chordata_Craniata_Vertebrata_Euteleostomi_Archelosauria_Archosauria_Dinosauria_Saurischia_Theropoda_Coelurosauria_Aves_Neognathae_Trochiliformes_Trochilidae_Heliodoxa,779,242,112,826,0.397651863195508,0.123532414497192,0.0571720265441552,0.421643695763144,0.546816479400749,0,NA,NA
Heliornis_fulica,,"TROPIC",Aves,Eukaryota_Metazoa_Chordata_Craniata_Vertebrata_Euteleostomi_Archelosauria_Archosauria_Dinosauria_Saurischia_Theropoda_Coelurosauria_Aves_Neognathae_Gruiformes_Heliornithidae_Heliornis,881,300,140,529,0.476216216216216,0.162162162162162,0.0756756756756757,0.285945945945946,0.276236429433052,0,NA,NA
Hemiphaga_novaeseelandiae,,"TROPIC",Aves,Eukaryota_Metazoa_Chordata_Craniata_Vertebrata_Euteleostomi_Archelosauria_Archosauria_Dinosauria_Saurischia_Theropoda_Coelurosauria_Aves_Neognathae_Columbiformes_Columbidae_Hemiphaga,810,280,54,770,0.423197492163009,0.146290491118077,0.0282131661442006,0.402298850574713,0.466666666666667,0,NA,NA
Henicorhina_leucosticta,,"TROPIC",Aves,Eukaryota_Metazoa_Chordata_Craniata_Vertebrata_Euteleostomi_Archelosauria_Archosauria_Dinosauria_Saurischia_Theropoda_Coelurosauria_Aves_Neognathae_Passeriformes_Certhiidae_Troglodytinae_Henicorhina,774,261,100,839,0.39209726443769,0.132218844984802,0.0506585612968592,0.425025329280648,0.525454545454546,1,NA,NA
Hyliota_flavigaster,,"TROPIC",Aves,Eukaryota_Metazoa_Chordata_Craniata_Vertebrata_Euteleostomi_Archelosauria_Archosauria_Dinosauria_Saurischia_Theropoda_Coelurosauria_Aves_Neognathae_Passeriformes_Sylviidae_Hyliota,816,323,76,697,0.426778242677824,0.168933054393305,0.0397489539748954,0.364539748953975,0.366666666666667,1,NA,NA
Hylocharis_cyanus,,"AI",Aves,Eukaryota_Metazoa_Chordata_Craniata_Vertebrata_Euteleostomi_Archelosauria_Archosauria_Dinosauria_Saurischia_Theropoda_Coelurosauria_Aves_Neognathae_Trochiliformes_Trochilidae_Hylocharis,819,268,106,752,0.421079691516709,0.137789203084833,0.0544987146529563,0.386632390745501,0.474509803921569,0,NA,NA
Ichthyaetus_relictus,,"AI",Aves,Eukaryota_Metazoa_Chordata_Craniata_Vertebrata_Euteleostomi_Archelosauria_Archosauria_Dinosauria_Saurischia_Theropoda_Coelurosauria_Aves_Neognathae_Charadriiformes_Laridae_Ichthyaetus,798,297,91,710,0.420886075949367,0.156645569620253,0.0479957805907173,0.374472573839662,0.41012909632572,0,NA,NA
Ithaginis_cruentus,,"HI",Aves,Eukaryota_Metazoa_Chordata_Craniata_Vertebrata_Euteleostomi_Archelosauria_Archosauria_Dinosauria_Saurischia_Theropoda_Coelurosauria_Aves_Neognathae_Galloanserae_Galliformes_Phasianidae_Phasianinae_Ithaginis,823,273,59,775,0.426424870466321,0.141450777202073,0.0305699481865285,0.401554404145078,0.479007633587786,0,NA,NA
Jacana_jacana,,"TROPIC",Aves,Eukaryota_Metazoa_Chordata_Craniata_Vertebrata_Euteleostomi_Archelosauria_Archosauria_Dinosauria_Saurischia_Theropoda_Coelurosauria_Aves_Neognathae_Charadriiformes_Jacanidae_Jacana,837,276,42,748,0.439831844456122,0.14503415659485,0.022070415133999,0.393063583815029,0.4609375,0,NA,NA
Lanius_cristatus,,"FM",Aves,Eukaryota_Metazoa_Chordata_Craniata_Vertebrata_Euteleostomi_Archelosauria_Archosauria_Dinosauria_Saurischia_Theropoda_Coelurosauria_Aves_Neognathae_Passeriformes_Corvoidea_Laniidae_Lanius,848,353,105,545,0.458130740140465,0.190707725553755,0.0567260940032415,0.294435440302539,0.21380846325167,1,NA,NA
Lanius_isabellinus,,"FM",Aves,Eukaryota_Metazoa_Chordata_Craniata_Vertebrata_Euteleostomi_Archelosauria_Archosauria_Dinosauria_Saurischia_Theropoda_Coelurosauria_Aves_Neognathae_Passeriformes_Corvoidea_Laniidae_Lanius,858,344,97,555,0.462783171521036,0.18554476806904,0.052319309600863,0.299352750809061,0.234705228031146,1,NA,NA
Larus_brunnicephalus,,"AI",Aves,Eukaryota_Metazoa_Chordata_Craniata_Vertebrata_Euteleostomi_Archelosauria_Archosauria_Dinosauria_Saurischia_Theropoda_Coelurosauria_Aves_Neognathae_Charadriiformes_Laridae_Larus,793,287,107,716,0.416710457172885,0.150814503415659,0.0562270099842354,0.37624802942722,0.427716849451645,0,NA,NA
Larus_crassirostris,,"AI",Aves,Eukaryota_Metazoa_Chordata_Craniata_Vertebrata_Euteleostomi_Archelosauria_Archosauria_Dinosauria_Saurischia_Theropoda_Coelurosauria_Aves_Neognathae_Charadriiformes_Laridae_Larus,792,298,94,712,0.417721518987342,0.157172995780591,0.04957805907173,0.375527426160338,0.40990099009901,0,NA,NA
Larus_dominicanus,,"AI",Aves,Eukaryota_Metazoa_Chordata_Craniata_Vertebrata_Euteleostomi_Archelosauria_Archosauria_Dinosauria_Saurischia_Theropoda_Coelurosauria_Aves_Neognathae_Charadriiformes_Laridae_Larus,794,284,98,726,0.41745531019979,0.14931650893796,0.0515247108307045,0.381703470031546,0.437623762376238,0,NA,NA
Leiothrix_argentauris,,"TROPIC",Aves,Eukaryota_Metazoa_Chordata_Craniata_Vertebrata_Euteleostomi_Archelosauria_Archosauria_Dinosauria_Saurischia_Theropoda_Coelurosauria_Aves_Neognathae_Passeriformes_Leiothrichidae_Leiothrix,813,283,106,722,0.422557172557173,0.147089397089397,0.0550935550935551,0.375259875259875,0.43681592039801,1,NA,NA
Lewinia_muelleri,,"NF",Aves,Eukaryota_Metazoa_Chordata_Craniata_Vertebrata_Euteleostomi_Archelosauria_Archosauria_Dinosauria_Saurischia_Theropoda_Coelurosauria_Aves_Neognathae_Gruiformes_Rallidae_Lewinia,852,291,55,660,0.458557588805167,0.156620021528525,0.0296017222820237,0.355220667384284,0.38801261829653,0,NA,NA
Lophophorus_lhuysii,,"HI",Aves,Eukaryota_Metazoa_Chordata_Craniata_Vertebrata_Euteleostomi_Archelosauria_Archosauria_Dinosauria_Saurischia_Theropoda_Coelurosauria_Aves_Neognathae_Galloanserae_Galliformes_Phasianidae_Phasianinae_Lophophorus,810,312,61,734,0.422535211267606,0.162754303599374,0.0318205529473135,0.382889932185707,0.403441682600382,0,NA,NA
Luscinia_cyanura,,"FM",Aves,Eukaryota_Metazoa_Chordata_Craniata_Vertebrata_Euteleostomi_Archelosauria_Archosauria_Dinosauria_Saurischia_Theropoda_Coelurosauria_Aves_Neognathae_Passeriformes_Turdidae_Luscinia,786,234,77,812,0.4117338920901,0.122577265584075,0.0403352540597171,0.425353588266108,0.552581261950287,1,NA,NA
Lyrurus_tetrix,,"WI",Aves,Eukaryota_Metazoa_Chordata_Craniata_Vertebrata_Euteleostomi_Archelosauria_Archosauria_Dinosauria_Saurischia_Theropoda_Coelurosauria_Aves_Neognathae_Galloanserae_Galliformes_Phasianidae_Tetraoninae_Lyrurus,796,336,59,750,0.410097887686759,0.173106646058733,0.0303967027305513,0.386398763523957,0.38121546961326,0,NA,NA
Macroagelaius_imthurni,,"TROPIC",Aves,Eukaryota_Metazoa_Chordata_Craniata_Vertebrata_Euteleostomi_Archelosauria_Archosauria_Dinosauria_Saurischia_Theropoda_Coelurosauria_Aves_Neognathae_Passeriformes_Passeroidea_Icteridae_Macroagelaius,822,255,96,733,0.431269674711438,0.133788037775446,0.0503672612801679,0.384575026232949,0.483805668016194,1,NA,NA
Malurus_melanocephalus,,"TROPIC",Aves,Eukaryota_Metazoa_Chordata_Craniata_Vertebrata_Euteleostomi_Archelosauria_Archosauria_Dinosauria_Saurischia_Theropoda_Coelurosauria_Aves_Neognathae_Passeriformes_Maluridae_Malurus,748,297,96,812,0.38300051203277,0.152073732718894,0.0491551459293395,0.415770609318996,0.464382326420198,1,NA,NA
Meleagris_gallopavo,,"TROPIC",Aves,Eukaryota_Metazoa_Chordata_Craniata_Vertebrata_Euteleostomi_Archelosauria_Archosauria_Dinosauria_Saurischia_Theropoda_Coelurosauria_Aves_Neognathae_Galloanserae_Galliformes_Phasianidae_Meleagridinae_Meleagris,816,360,74,685,0.421705426356589,0.186046511627907,0.0382428940568475,0.354005167958656,0.311004784688995,0,NA,NA
Menura_novaehollandiae,,"TROPIC",Aves,Eukaryota_Metazoa_Chordata_Craniata_Vertebrata_Euteleostomi_Archelosauria_Archosauria_Dinosauria_Saurischia_Theropoda_Coelurosauria_Aves_Neognathae_Passeriformes_Menuridae_Menura,761,315,108,732,0.397181628392484,0.164405010438413,0.0563674321503132,0.382045929018789,0.398280802292264,1,NA,NA
Micrastur_gilvicollis,,"AI",Aves,Eukaryota_Metazoa_Chordata_Craniata_Vertebrata_Euteleostomi_Archelosauria_Archosauria_Dinosauria_Saurischia_Theropoda_Coelurosauria_Aves_Neognathae_Falconiformes_Falconidae_Micrastur,797,276,67,806,0.409558067831449,0.141829393627955,0.0344295991778006,0.414182939362795,0.489833641404806,0,NA,NA
Mionectes_oleagineus,,"TROPIC",Aves,Eukaryota_Metazoa_Chordata_Craniata_Vertebrata_Euteleostomi_Archelosauria_Archosauria_Dinosauria_Saurischia_Theropoda_Coelurosauria_Aves_Neognathae_Passeriformes_Tyrannidae_Mionectes,749,342,57,786,0.387280248190279,0.176835573940021,0.0294725956566701,0.40641158221303,0.393617021276596,1,NA,NA
Molothrus_badius,,"FM",Aves,Eukaryota_Metazoa_Chordata_Craniata_Vertebrata_Euteleostomi_Archelosauria_Archosauria_Dinosauria_Saurischia_Theropoda_Coelurosauria_Aves_Neognathae_Passeriformes_Passeroidea_Icteridae_Molothrus,796,265,103,775,0.410520887055183,0.136668385765859,0.0531201650335224,0.399690562145436,0.490384615384615,1,NA,NA
Montifringilla_adamsi,,"HI",Aves,Eukaryota_Metazoa_Chordata_Craniata_Vertebrata_Euteleostomi_Archelosauria_Archosauria_Dinosauria_Saurischia_Theropoda_Coelurosauria_Aves_Neognathae_Passeriformes_Passeroidea_Passeridae_Montifringilla,804,249,131,762,0.413155190133607,0.127954779033916,0.0673175745118191,0.391572456320658,0.507418397626113,1,NA,NA
Montifringilla_nivalis,,"HI",Aves,Eukaryota_Metazoa_Chordata_Craniata_Vertebrata_Euteleostomi_Archelosauria_Archosauria_Dinosauria_Saurischia_Theropoda_Coelurosauria_Aves_Neognathae_Passeriformes_Passeroidea_Passeridae_Montifringilla,797,253,160,756,0.405391658189217,0.128687690742625,0.081383519837233,0.384537131230926,0.498513379583746,1,NA,NA
Montifringilla_ruficollis,,"HI",Aves,Eukaryota_Metazoa_Chordata_Craniata_Vertebrata_Euteleostomi_Archelosauria_Archosauria_Dinosauria_Saurischia_Theropoda_Coelurosauria_Aves_Neognathae_Passeriformes_Passeroidea_Passeridae_Montifringilla,845,317,100,659,0.439875065070276,0.165018219677251,0.0520562207183758,0.343050494534097,0.350409836065574,1,NA,NA
Montifringilla_taczanowskii,,"HI",Aves,Eukaryota_Metazoa_Chordata_Craniata_Vertebrata_Euteleostomi_Archelosauria_Archosauria_Dinosauria_Saurischia_Theropoda_Coelurosauria_Aves_Neognathae_Passeriformes_Passeroidea_Passeridae_Montifringilla,827,265,122,709,0.430057202288092,0.137805512220489,0.0634425377015081,0.368694747789912,0.455852156057495,1,NA,NA
Motacilla_alba,,"FM",Aves,Eukaryota_Metazoa_Chordata_Craniata_Vertebrata_Euteleostomi_Archelosauria_Archosauria_Dinosauria_Saurischia_Theropoda_Coelurosauria_Aves_Neognathae_Passeriformes_Passeroidea_Motacillidae_Motacilla,810,237,95,773,0.422976501305483,0.123759791122715,0.0496083550913838,0.403655352480418,0.530693069306931,1,NA,NA
Motacilla_cinerea,,"FM",Aves,Eukaryota_Metazoa_Chordata_Craniata_Vertebrata_Euteleostomi_Archelosauria_Archosauria_Dinosauria_Saurischia_Theropoda_Coelurosauria_Aves_Neognathae_Passeriformes_Passeroidea_Motacillidae_Motacilla,801,219,110,790,0.4171875,0.1140625,0.0572916666666667,0.411458333333333,0.565906838453915,1,NA,NA
Myiopsitta_monachus,,"TROPIC",Aves,Eukaryota_Metazoa_Chordata_Craniata_Vertebrata_Euteleostomi_Archelosauria_Archosauria_Dinosauria_Saurischia_Theropoda_Coelurosauria_Aves_Neognathae_Psittaciformes_Psittacidae_Myiopsitta,893,263,63,663,0.474495217853348,0.139744952178533,0.0334750265674814,0.352284803400638,0.431965442764579,0,NA,NA
Neophema_chrysogaster,,"FM",Aves,Eukaryota_Metazoa_Chordata_Craniata_Vertebrata_Euteleostomi_Archelosauria_Archosauria_Dinosauria_Saurischia_Theropoda_Coelurosauria_Aves_Neognathae_Psittaciformes_Psittacidae_Neophema,819,177,79,871,0.420863309352518,0.0909558067831449,0.0405960945529291,0.447584789311408,0.662213740458015,0,NA,NA
Nesopsar_nigerrimus,,"TROPIC",Aves,Eukaryota_Metazoa_Chordata_Craniata_Vertebrata_Euteleostomi_Archelosauria_Archosauria_Dinosauria_Saurischia_Theropoda_Coelurosauria_Aves_Neognathae_Passeriformes_Passeroidea_Icteridae_Nesopsar,797,241,92,817,0.40934771443246,0.123780174627632,0.0472521828454032,0.419619928094504,0.544423440453686,1,NA,NA
Nestor_notabilis,,"TROPIC",Aves,Eukaryota_Metazoa_Chordata_Craniata_Vertebrata_Euteleostomi_Archelosauria_Archosauria_Dinosauria_Saurischia_Theropoda_Coelurosauria_Aves_Neognathae_Psittaciformes_Psittacidae_Nestor,815,341,61,698,0.425587467362924,0.178067885117493,0.0318537859007833,0.364490861618799,0.343599615014437,0,NA,NA
Netta_rufina,,"FM",Aves,Eukaryota_Metazoa_Chordata_Craniata_Vertebrata_Euteleostomi_Archelosauria_Archosauria_Dinosauria_Saurischia_Theropoda_Coelurosauria_Aves_Neognathae_Galloanserae_Anseriformes_Anatidae_Netta,774,204,176,817,0.392694063926941,0.103500761035008,0.0892947742262811,0.414510400811771,0.600391772771792,0,NA,NA
Netta_rufina,,"DI",Aves,Eukaryota_Metazoa_Chordata_Craniata_Vertebrata_Euteleostomi_Archelosauria_Archosauria_Dinosauria_Saurischia_Theropoda_Coelurosauria_Aves_Neognathae_Galloanserae_Anseriformes_Anatidae_Netta,774,204,176,817,0.392694063926941,0.103500761035008,0.0892947742262811,0.414510400811771,0.600391772771792,0,NA,NA
Ninox_scutulata,,"TROPIC",Aves,Eukaryota_Metazoa_Chordata_Craniata_Vertebrata_Euteleostomi_Archelosauria_Archosauria_Dinosauria_Saurischia_Theropoda_Coelurosauria_Aves_Neognathae_Strigiformes_Strigidae_Ninox,821,195,75,835,0.426272066458982,0.101246105919003,0.0389408099688473,0.433541017653167,0.621359223300971,0,NA,NA
Nisaetus_nipalensis,,"TROPIC",Aves,Eukaryota_Metazoa_Chordata_Craniata_Vertebrata_Euteleostomi_Archelosauria_Archosauria_Dinosauria_Saurischia_Theropoda_Coelurosauria_Aves_Neognathae_Falconiformes_Accipitridae_Accipitrinae_Nisaetus,740,263,108,861,0.37525354969574,0.133367139959432,0.0547667342799189,0.436612576064909,0.53202846975089,0,NA,NA
Oreotrochilus_melanogaster,,"AI",Aves,Eukaryota_Metazoa_Chordata_Craniata_Vertebrata_Euteleostomi_Archelosauria_Archosauria_Dinosauria_Saurischia_Theropoda_Coelurosauria_Aves_Neognathae_Trochiliformes_Trochilidae_Oreotrochilus,801,219,83,823,0.41588785046729,0.113707165109034,0.0430944963655244,0.427310488058152,0.579654510556622,0,NA,NA
Oreotrochilus_melanogaster,,"HI",Aves,Eukaryota_Metazoa_Chordata_Craniata_Vertebrata_Euteleostomi_Archelosauria_Archosauria_Dinosauria_Saurischia_Theropoda_Coelurosauria_Aves_Neognathae_Trochiliformes_Trochilidae_Oreotrochilus,801,219,83,823,0.41588785046729,0.113707165109034,0.0430944963655244,0.427310488058152,0.579654510556622,0,NA,NA
Otus_bakkamoena,,"TROPIC",Aves,Eukaryota_Metazoa_Chordata_Craniata_Vertebrata_Euteleostomi_Archelosauria_Archosauria_Dinosauria_Saurischia_Theropoda_Coelurosauria_Aves_Neognathae_Strigiformes_Strigidae_Otus,829,344,70,687,0.429533678756477,0.178238341968912,0.0362694300518135,0.355958549222798,0.332686711930165,0,NA,NA
Padda_oryzivora,,"TROPIC",Aves,Eukaryota_Metazoa_Chordata_Craniata_Vertebrata_Euteleostomi_Archelosauria_Archosauria_Dinosauria_Saurischia_Theropoda_Coelurosauria_Aves_Neognathae_Passeriformes_Passeroidea_Passeridae_Padda,927,167,61,681,0.504901960784314,0.090958605664488,0.0332244008714597,0.370915032679739,0.606132075471698,1,NA,NA
Paradoxornis_webbianus,,"TROPIC",Aves,Eukaryota_Metazoa_Chordata_Craniata_Vertebrata_Euteleostomi_Archelosauria_Archosauria_Dinosauria_Saurischia_Theropoda_Coelurosauria_Aves_Neognathae_Passeriformes_Muscicapidae_Paradoxornis,776,327,117,739,0.396120469627361,0.166921898928025,0.0597243491577335,0.377233282286881,0.386491557223265,1,NA,NA
Pavo_cristatus,,"TROPIC",Aves,Eukaryota_Metazoa_Chordata_Craniata_Vertebrata_Euteleostomi_Archelosauria_Archosauria_Dinosauria_Saurischia_Theropoda_Coelurosauria_Aves_Neognathae_Galloanserae_Galliformes_Phasianidae_Phasianinae_Pavo,823,330,70,708,0.426204039357846,0.170895908855515,0.0362506473329881,0.366649404453651,0.364161849710983,0,NA,NA
Pavo_muticus,,"TROPIC",Aves,Eukaryota_Metazoa_Chordata_Craniata_Vertebrata_Euteleostomi_Archelosauria_Archosauria_Dinosauria_Saurischia_Theropoda_Coelurosauria_Aves_Neognathae_Galloanserae_Galliformes_Phasianidae_Phasianinae_Pavo,826,315,67,726,0.427094105480869,0.16287487073423,0.0346432264736298,0.375387797311272,0.394812680115274,0,NA,NA
Perdix_hodgsoniae,,"HI",Aves,Eukaryota_Metazoa_Chordata_Craniata_Vertebrata_Euteleostomi_Archelosauria_Archosauria_Dinosauria_Saurischia_Theropoda_Coelurosauria_Aves_Neognathae_Galloanserae_Galliformes_Phasianidae_Perdicinae_Perdix,765,296,83,842,0.385196374622357,0.149043303121853,0.0417925478348439,0.423967774420947,0.479789103690685,0,NA,NA
Periparus_ater,,"WI",Aves,Eukaryota_Metazoa_Chordata_Craniata_Vertebrata_Euteleostomi_Archelosauria_Archosauria_Dinosauria_Saurischia_Theropoda_Coelurosauria_Aves_Neognathae_Passeriformes_Paridae_Periparus,724,171,95,975,0.368447837150127,0.0870229007633588,0.0483460559796438,0.49618320610687,0.701570680628272,1,NA,NA
Petroica_australis,,"TROPIC",Aves,Eukaryota_Metazoa_Chordata_Craniata_Vertebrata_Euteleostomi_Archelosauria_Archosauria_Dinosauria_Saurischia_Theropoda_Coelurosauria_Aves_Neognathae_Passeriformes_Petroicidae_Petroica,773,277,104,779,0.399896533885153,0.143300569063632,0.0538023797206415,0.403000517330574,0.475378787878788,1,NA,NA
Petroica_macrocephala,,"TROPIC",Aves,Eukaryota_Metazoa_Chordata_Craniata_Vertebrata_Euteleostomi_Archelosauria_Archosauria_Dinosauria_Saurischia_Theropoda_Coelurosauria_Aves_Neognathae_Passeriformes_Petroicidae_Petroica,801,242,110,784,0.413526071244192,0.124935467217346,0.0567888487351575,0.404749612803304,0.528265107212476,1,NA,NA
Phaethon_lepturus,,"AI",Aves,Eukaryota_Metazoa_Chordata_Craniata_Vertebrata_Euteleostomi_Archelosauria_Archosauria_Dinosauria_Saurischia_Theropoda_Coelurosauria_Aves_Neognathae_Pelecaniformes_Phaethontidae_Phaethon,746,180,143,926,0.373934837092732,0.0902255639097744,0.0716791979949875,0.464160401002506,0.674502712477396,0,NA,NA
Phaethon_rubricauda,,"AI",Aves,Eukaryota_Metazoa_Chordata_Craniata_Vertebrata_Euteleostomi_Archelosauria_Archosauria_Dinosauria_Saurischia_Theropoda_Coelurosauria_Aves_Neognathae_Pelecaniformes_Phaethontidae_Phaethon,748,208,134,888,0.378159757330637,0.1051567239636,0.0677451971688574,0.448938321536906,0.62043795620438,0,NA,NA
Phaethornis_malaris,,"AI",Aves,Eukaryota_Metazoa_Chordata_Craniata_Vertebrata_Euteleostomi_Archelosauria_Archosauria_Dinosauria_Saurischia_Theropoda_Coelurosauria_Aves_Neognathae_Trochiliformes_Trochilidae_Phaethornis,859,293,62,704,0.447862356621481,0.152763295099062,0.032325338894682,0.367049009384776,0.412236710130391,0,NA,NA
Philesturnus_carunculatus,,"TROPIC",Aves,Eukaryota_Metazoa_Chordata_Craniata_Vertebrata_Euteleostomi_Archelosauria_Archosauria_Dinosauria_Saurischia_Theropoda_Coelurosauria_Aves_Neognathae_Passeriformes_Corvoidea_Callaeatidae_Creadion,802,262,161,739,0.408350305498982,0.133401221995927,0.0819755600814664,0.376272912423625,0.476523476523477,1,NA,NA
Phodilus_badius,,"TROPIC",Aves,Eukaryota_Metazoa_Chordata_Craniata_Vertebrata_Euteleostomi_Archelosauria_Archosauria_Dinosauria_Saurischia_Theropoda_Coelurosauria_Aves_Neognathae_Strigiformes_Tytonidae_Phodilus,826,172,107,845,0.423589743589744,0.0882051282051282,0.0548717948717949,0.433333333333333,0.661750245821042,0,NA,NA
Phoenicurus_auroreus,,"FM",Aves,Eukaryota_Metazoa_Chordata_Craniata_Vertebrata_Euteleostomi_Archelosauria_Archosauria_Dinosauria_Saurischia_Theropoda_Coelurosauria_Aves_Neognathae_Passeriformes_Muscicapidae_Phoenicurus,765,228,87,851,0.396167788710513,0.118073537027447,0.0450543759709995,0.440704298291041,0.577386468952734,1,NA,NA
Pica_pica,,"WI",Aves,Eukaryota_Metazoa_Chordata_Craniata_Vertebrata_Euteleostomi_Archelosauria_Archosauria_Dinosauria_Saurischia_Theropoda_Coelurosauria_Aves_Neognathae_Passeriformes_Corvoidea_Corvidae_Pica,841,351,69,606,0.450455275843599,0.188002142474558,0.0369576861274772,0.324584895554365,0.266457680250784,1,NA,NA
Picoides_pubescens,,"WI",Aves,Eukaryota_Metazoa_Chordata_Craniata_Vertebrata_Euteleostomi_Archelosauria_Archosauria_Dinosauria_Saurischia_Theropoda_Coelurosauria_Aves_Neognathae_Piciformes_Picidae_Picoides,668,343,71,935,0.331184928111056,0.170054536440258,0.0352007932573128,0.463559742191373,0.463223787167449,0,NA,NA
Pitta_nympha,,"FM",Aves,Eukaryota_Metazoa_Chordata_Craniata_Vertebrata_Euteleostomi_Archelosauria_Archosauria_Dinosauria_Saurischia_Theropoda_Coelurosauria_Aves_Neognathae_Passeriformes_Pittidae_Pitta,774,256,44,855,0.401244167962675,0.132711249351996,0.0228097459823743,0.443234836702955,0.539153915391539,1,NA,NA
Polyplectron_germaini,,"TROPIC",Aves,Eukaryota_Metazoa_Chordata_Craniata_Vertebrata_Euteleostomi_Archelosauria_Archosauria_Dinosauria_Saurischia_Theropoda_Coelurosauria_Aves_Neognathae_Galloanserae_Galliformes_Phasianidae_Phasianinae_Polyplectron,765,272,113,842,0.384036144578313,0.136546184738956,0.0567269076305221,0.422690763052209,0.511669658886894,0,NA,NA
Porphyrio_hochstetteri,,"NF",Aves,Eukaryota_Metazoa_Chordata_Craniata_Vertebrata_Euteleostomi_Archelosauria_Archosauria_Dinosauria_Saurischia_Theropoda_Coelurosauria_Aves_Neognathae_Gruiformes_Rallidae_Porphyrio,877,195,93,700,0.470241286863271,0.10455764075067,0.0498659517426273,0.375335120643432,0.564245810055866,0,NA,NA
Primolius_maracana,,"TROPIC",Aves,Eukaryota_Metazoa_Chordata_Craniata_Vertebrata_Euteleostomi_Archelosauria_Archosauria_Dinosauria_Saurischia_Theropoda_Coelurosauria_Aves_Neognathae_Psittaciformes_Psittacidae_Primolius,778,281,117,755,0.402900051786639,0.145520455722424,0.0605903676851372,0.3909891248058,0.457528957528958,0,NA,NA
Progne_chalybea,,"AI",Aves,Eukaryota_Metazoa_Chordata_Craniata_Vertebrata_Euteleostomi_Archelosauria_Archosauria_Dinosauria_Saurischia_Theropoda_Coelurosauria_Aves_Neognathae_Passeriformes_Hirundinidae_Progne,811,207,114,790,0.421956295525494,0.107700312174818,0.0593132154006243,0.411030176899063,0.584754262788365,1,NA,NA
Prosthemadera_novaeseelandiae,,"TROPIC",Aves,Eukaryota_Metazoa_Chordata_Craniata_Vertebrata_Euteleostomi_Archelosauria_Archosauria_Dinosauria_Saurischia_Theropoda_Coelurosauria_Aves_Neognathae_Passeriformes_Meliphagidae_Prosthemadera,822,326,88,631,0.440278521692555,0.174611676486342,0.0471344402785217,0.337975361542582,0.318704284221526,1,NA,NA
Prunella_montanella,,"FM",Aves,Eukaryota_Metazoa_Chordata_Craniata_Vertebrata_Euteleostomi_Archelosauria_Archosauria_Dinosauria_Saurischia_Theropoda_Coelurosauria_Aves_Neognathae_Passeriformes_Passeroidea_Passeridae_Prunella,806,294,147,677,0.418918918918919,0.152806652806653,0.0764033264033264,0.351871101871102,0.394438722966014,1,NA,NA
Pseudoleistes_guirahuro,,"TROPIC",Aves,Eukaryota_Metazoa_Chordata_Craniata_Vertebrata_Euteleostomi_Archelosauria_Archosauria_Dinosauria_Saurischia_Theropoda_Coelurosauria_Aves_Neognathae_Passeriformes_Passeroidea_Icteridae_Pseudoleistes,813,252,89,777,0.421025375453133,0.130502330398757,0.046090108751942,0.402382185396168,0.510204081632653,1,NA,NA
Pseudopodoces_humilis,,"HI",Aves,Eukaryota_Metazoa_Chordata_Craniata_Vertebrata_Euteleostomi_Archelosauria_Archosauria_Dinosauria_Saurischia_Theropoda_Coelurosauria_Aves_Neognathae_Passeriformes_Paridae_Pseudopodoces,766,238,87,832,0.398335933437337,0.123764950598024,0.0452418096723869,0.432657306292252,0.555140186915888,1,NA,NA
Pterocnemia_pennata,,"NF",Aves,Eukaryota_Metazoa_Chordata_Craniata_Vertebrata_Euteleostomi_Archelosauria_Archosauria_Dinosauria_Saurischia_Theropoda_Coelurosauria_Aves_Palaeognathae_Rheiformes_Rheidae_Pterocnemia,673,311,124,895,0.335996005991013,0.155267099350974,0.0619071392910634,0.44682975536695,0.48424543946932,0,NA,NA
Ptilopachus_petrosus,,"TROPIC",Aves,Eukaryota_Metazoa_Chordata_Craniata_Vertebrata_Euteleostomi_Archelosauria_Archosauria_Dinosauria_Saurischia_Theropoda_Coelurosauria_Aves_Neognathae_Galloanserae_Galliformes_Phasianidae_Perdicinae_Ptilopachus,852,342,46,687,0.442138038401661,0.177477944992216,0.0238713025428127,0.356512714063311,0.335276967930029,0,NA,NA
Pycnonotus_melanicterus,,"TROPIC",Aves,Eukaryota_Metazoa_Chordata_Craniata_Vertebrata_Euteleostomi_Archelosauria_Archosauria_Dinosauria_Saurischia_Theropoda_Coelurosauria_Aves_Neognathae_Passeriformes_Pycnonotidae_Pycnonotus,837,261,47,694,0.455138662316476,0.141924959216966,0.0255573681348559,0.377379010331702,0.453403141361257,1,NA,NA
Pycnonotus_taivanus,,"TROPIC",Aves,Eukaryota_Metazoa_Chordata_Craniata_Vertebrata_Euteleostomi_Archelosauria_Archosauria_Dinosauria_Saurischia_Theropoda_Coelurosauria_Aves_Neognathae_Passeriformes_Pycnonotidae_Pycnonotus,841,243,112,701,0.443331576172905,0.128096995255667,0.0590405904059041,0.369530838165525,0.485169491525424,1,NA,NA
Pyrgilauda_blanfordi,,"HI",Aves,Eukaryota_Metazoa_Chordata_Craniata_Vertebrata_Euteleostomi_Archelosauria_Archosauria_Dinosauria_Saurischia_Theropoda_Coelurosauria_Aves_Neognathae_Passeriformes_Passeroidea_Passeridae_Pyrgilauda,823,262,120,724,0.426645930533955,0.135821669258683,0.0622083981337481,0.375324002073613,0.468559837728195,1,NA,NA
Regulus_calendula,,"FM",Aves,Eukaryota_Metazoa_Chordata_Craniata_Vertebrata_Euteleostomi_Archelosauria_Archosauria_Dinosauria_Saurischia_Theropoda_Coelurosauria_Aves_Neognathae_Passeriformes_Sylviidae_Regulus,852,285,77,626,0.46304347826087,0.154891304347826,0.0418478260869565,0.340217391304348,0.374313940724479,1,NA,NA
Regulus_regulus,,"WI",Aves,Eukaryota_Metazoa_Chordata_Craniata_Vertebrata_Euteleostomi_Archelosauria_Archosauria_Dinosauria_Saurischia_Theropoda_Coelurosauria_Aves_Neognathae_Passeriformes_Sylviidae_Regulus,883,297,103,573,0.475754310344828,0.160021551724138,0.0554956896551724,0.308728448275862,0.317241379310345,1,NA,NA
Remiz_consobrinus,,"FM",Aves,Eukaryota_Metazoa_Chordata_Craniata_Vertebrata_Euteleostomi_Archelosauria_Archosauria_Dinosauria_Saurischia_Theropoda_Coelurosauria_Aves_Neognathae_Passeriformes_Paridae_Remiz,678,113,114,1147,0.330409356725146,0.0550682261208577,0.0555555555555556,0.558966861598441,0.820634920634921,1,NA,NA
Rhea_americana,,"NF",Aves,Eukaryota_Metazoa_Chordata_Craniata_Vertebrata_Euteleostomi_Archelosauria_Archosauria_Dinosauria_Saurischia_Theropoda_Coelurosauria_Aves_Palaeognathae_Rheiformes_Rheidae_Rhea,695,323,126,878,0.343719090009891,0.159742828882295,0.0623145400593472,0.434223541048467,0.462114904246461,0,NA,NA
Rhynochetos_jubatus,,"TROPIC",Aves,Eukaryota_Metazoa_Chordata_Craniata_Vertebrata_Euteleostomi_Archelosauria_Archosauria_Dinosauria_Saurischia_Theropoda_Coelurosauria_Aves_Neognathae_Gruiformes_Rhynochetidae_Rhynochetos,760,340,72,734,0.398740818467996,0.178384050367261,0.0377754459601259,0.385099685204617,0.366852886405959,0,NA,NA
Saundersilarus_saundersi,,"AI",Aves,Eukaryota_Metazoa_Chordata_Craniata_Vertebrata_Euteleostomi_Archelosauria_Archosauria_Dinosauria_Saurischia_Theropoda_Coelurosauria_Aves_Neognathae_Charadriiformes_Laridae_Saundersilarus,788,281,110,731,0.412565445026178,0.147120418848168,0.0575916230366492,0.382722513089005,0.444664031620553,0,NA,NA
Scolopax_rusticola,,"FM",Aves,Eukaryota_Metazoa_Chordata_Craniata_Vertebrata_Euteleostomi_Archelosauria_Archosauria_Dinosauria_Saurischia_Theropoda_Coelurosauria_Aves_Neognathae_Charadriiformes_Scolopacidae_Scolopax,830,288,65,673,0.447198275862069,0.155172413793103,0.0350215517241379,0.36260775862069,0.400624349635796,0,NA,NA
Spizixos_semitorques,,"TROPIC",Aves,Eukaryota_Metazoa_Chordata_Craniata_Vertebrata_Euteleostomi_Archelosauria_Archosauria_Dinosauria_Saurischia_Theropoda_Coelurosauria_Aves_Neognathae_Passeriformes_Pycnonotidae_Spizixos,837,289,61,665,0.451943844492441,0.156047516198704,0.0329373650107991,0.359071274298056,0.394129979035639,1,NA,NA
Stercorarius_maccormicki,,"AI",Aves,Eukaryota_Metazoa_Chordata_Craniata_Vertebrata_Euteleostomi_Archelosauria_Archosauria_Dinosauria_Saurischia_Theropoda_Coelurosauria_Aves_Neognathae_Charadriiformes_Stercorariidae_Stercorarius,820,311,74,688,0.433174854727945,0.164289487585843,0.0390913893291072,0.363444268357105,0.377377377377377,0,NA,NA
Sternula_albifrons,,"AI",Aves,Eukaryota_Metazoa_Chordata_Craniata_Vertebrata_Euteleostomi_Archelosauria_Archosauria_Dinosauria_Saurischia_Theropoda_Coelurosauria_Aves_Neognathae_Charadriiformes_Laridae_Sternula,820,405,56,594,0.437333333333333,0.216,0.0298666666666667,0.3168,0.189189189189189,0,NA,NA
Streptopelia_chinensis,,"TROPIC",Aves,Eukaryota_Metazoa_Chordata_Craniata_Vertebrata_Euteleostomi_Archelosauria_Archosauria_Dinosauria_Saurischia_Theropoda_Coelurosauria_Aves_Neognathae_Columbiformes_Columbidae_Streptopelia,744,278,86,824,0.385093167701863,0.143892339544513,0.0445134575569358,0.426501035196687,0.49546279491833,0,NA,NA
Struthio_camelus,,"NF",Aves,Eukaryota_Metazoa_Chordata_Craniata_Vertebrata_Euteleostomi_Archelosauria_Archosauria_Dinosauria_Saurischia_Theropoda_Coelurosauria_Aves_Palaeognathae_Struthioniformes_Struthionidae_Struthio,792,297,123,722,0.409513960703206,0.153567735263702,0.0635987590486039,0.373319544984488,0.417075564278705,0,NA,NA
Sturnus_nigricollis,,"TROPIC",Aves,Eukaryota_Metazoa_Chordata_Craniata_Vertebrata_Euteleostomi_Archelosauria_Archosauria_Dinosauria_Saurischia_Theropoda_Coelurosauria_Aves_Neognathae_Passeriformes_Sturnidae_Sturnus,831,183,90,783,0.440381558028617,0.0969793322734499,0.0476947535771065,0.414944356120827,0.62111801242236,1,NA,NA
Sturnus_vulgaris,,"FM",Aves,Eukaryota_Metazoa_Chordata_Craniata_Vertebrata_Euteleostomi_Archelosauria_Archosauria_Dinosauria_Saurischia_Theropoda_Coelurosauria_Aves_Neognathae_Passeriformes_Sturnidae_Sturnus,772,204,137,821,0.399172699069286,0.105480868665977,0.0708376421923475,0.424508790072389,0.601951219512195,1,NA,NA
Sylvia_atricapilla,,"FM",Aves,Eukaryota_Metazoa_Chordata_Craniata_Vertebrata_Euteleostomi_Archelosauria_Archosauria_Dinosauria_Saurischia_Theropoda_Coelurosauria_Aves_Neognathae_Passeriformes_Sylviidae_Sylviinae_Sylvia,840,329,75,629,0.448478376935398,0.175654030966364,0.0400427122263748,0.335824879871863,0.313152400835073,1,NA,NA
Sylvia_crassirostris,,"FM",Aves,Eukaryota_Metazoa_Chordata_Craniata_Vertebrata_Euteleostomi_Archelosauria_Archosauria_Dinosauria_Saurischia_Theropoda_Coelurosauria_Aves_Neognathae_Passeriformes_Sylviidae_Sylviinae_Sylvia,833,250,88,773,0.428497942386831,0.128600823045267,0.0452674897119342,0.397633744855967,0.511241446725318,1,NA,NA
Synthliboramphus_antiquus,,"DI",Aves,Eukaryota_Metazoa_Chordata_Craniata_Vertebrata_Euteleostomi_Archelosauria_Archosauria_Dinosauria_Saurischia_Theropoda_Coelurosauria_Aves_Neognathae_Charadriiformes_Alcidae_Synthliboramphus,813,325,58,695,0.42993125330513,0.171866737176097,0.0306716023268112,0.367530407191962,0.362745098039216,0,NA,NA
Synthliboramphus_wumizusume,,"DI",Aves,Eukaryota_Metazoa_Chordata_Craniata_Vertebrata_Euteleostomi_Archelosauria_Archosauria_Dinosauria_Saurischia_Theropoda_Coelurosauria_Aves_Neognathae_Charadriiformes_Alcidae_Synthliboramphus,812,328,67,699,0.426023084994753,0.17208814270724,0.0351521511017838,0.366736621196222,0.361246348588121,0,NA,NA
Syrmaticus_ellioti,,"TROPIC",Aves,Eukaryota_Metazoa_Chordata_Craniata_Vertebrata_Euteleostomi_Archelosauria_Archosauria_Dinosauria_Saurischia_Theropoda_Coelurosauria_Aves_Neognathae_Galloanserae_Galliformes_Phasianidae_Phasianinae_Syrmaticus,802,337,64,744,0.411915767847971,0.173086800205444,0.0328710837185413,0.382126348228043,0.376503237742831,0,NA,NA
Tachycineta_albilinea,,"AI",Aves,Eukaryota_Metazoa_Chordata_Craniata_Vertebrata_Euteleostomi_Archelosauria_Archosauria_Dinosauria_Saurischia_Theropoda_Coelurosauria_Aves_Neognathae_Passeriformes_Hirundinidae_Tachycineta,804,199,92,810,0.422047244094488,0.104461942257218,0.0482939632545932,0.425196850393701,0.605550049554014,1,NA,NA
Tachycineta_albiventer,,"AI",Aves,Eukaryota_Metazoa_Chordata_Craniata_Vertebrata_Euteleostomi_Archelosauria_Archosauria_Dinosauria_Saurischia_Theropoda_Coelurosauria_Aves_Neognathae_Passeriformes_Hirundinidae_Tachycineta,820,209,72,810,0.429094714809001,0.109366823652538,0.0376766091051805,0.423861852433281,0.589793915603533,1,NA,NA
Tachycineta_bicolor,,"AI",Aves,Eukaryota_Metazoa_Chordata_Craniata_Vertebrata_Euteleostomi_Archelosauria_Archosauria_Dinosauria_Saurischia_Theropoda_Coelurosauria_Aves_Neognathae_Passeriformes_Hirundinidae_Tachycineta,832,216,75,794,0.434011476264997,0.112676056338028,0.0391236306729265,0.414188836724048,0.572277227722772,1,NA,NA
Tachycineta_cyaneoviridis,,"AI",Aves,Eukaryota_Metazoa_Chordata_Craniata_Vertebrata_Euteleostomi_Archelosauria_Archosauria_Dinosauria_Saurischia_Theropoda_Coelurosauria_Aves_Neognathae_Passeriformes_Hirundinidae_Tachycineta,832,232,82,750,0.438818565400844,0.122362869198312,0.0432489451476793,0.395569620253165,0.527494908350306,1,NA,NA
Tachycineta_euchrysea,,"AI",Aves,Eukaryota_Metazoa_Chordata_Craniata_Vertebrata_Euteleostomi_Archelosauria_Archosauria_Dinosauria_Saurischia_Theropoda_Coelurosauria_Aves_Neognathae_Passeriformes_Hirundinidae_Tachycineta,817,208,73,795,0.431590068674062,0.109878499735869,0.0385631273111463,0.419968304278922,0.585244267198405,1,NA,NA
Tachycineta_leucorrhoa,,"AI",Aves,Eukaryota_Metazoa_Chordata_Craniata_Vertebrata_Euteleostomi_Archelosauria_Archosauria_Dinosauria_Saurischia_Theropoda_Coelurosauria_Aves_Neognathae_Passeriformes_Hirundinidae_Tachycineta,821,203,77,803,0.431197478991597,0.106617647058824,0.0404411764705882,0.421743697478992,0.596421471172962,1,NA,NA
Tachycineta_meyeni,,"AI",Aves,Eukaryota_Metazoa_Chordata_Craniata_Vertebrata_Euteleostomi_Archelosauria_Archosauria_Dinosauria_Saurischia_Theropoda_Coelurosauria_Aves_Neognathae_Passeriformes_Hirundinidae_Tachycineta,815,197,71,818,0.42872172540768,0.103629668595476,0.0373487638085218,0.430299842188322,0.611822660098522,1,NA,NA
Tachycineta_stolzmanni,,"AI",Aves,Eukaryota_Metazoa_Chordata_Craniata_Vertebrata_Euteleostomi_Archelosauria_Archosauria_Dinosauria_Saurischia_Theropoda_Coelurosauria_Aves_Neognathae_Passeriformes_Hirundinidae_Tachycineta,794,234,95,788,0.41548927263213,0.122448979591837,0.0497121925693354,0.412349555206698,0.542074363992172,1,NA,NA
Tachycineta_thalassina,,"AI",Aves,Eukaryota_Metazoa_Chordata_Craniata_Vertebrata_Euteleostomi_Archelosauria_Archosauria_Dinosauria_Saurischia_Theropoda_Coelurosauria_Aves_Neognathae_Passeriformes_Hirundinidae_Tachycineta,809,232,95,785,0.421134825611661,0.120770432066632,0.0494534096824571,0.40864133263925,0.543756145526057,1,NA,NA
Tadorna_ferruginea,,"FM",Aves,Eukaryota_Metazoa_Chordata_Craniata_Vertebrata_Euteleostomi_Archelosauria_Archosauria_Dinosauria_Saurischia_Theropoda_Coelurosauria_Aves_Neognathae_Galloanserae_Anseriformes_Anatidae_Tadorna,790,172,154,843,0.40326697294538,0.0877998979070955,0.0786115364982134,0.430321592649311,0.661083743842365,0,NA,NA
Tetraogallus_himalayensis,,"WI",Aves,Eukaryota_Metazoa_Chordata_Craniata_Vertebrata_Euteleostomi_Archelosauria_Archosauria_Dinosauria_Saurischia_Theropoda_Coelurosauria_Aves_Neognathae_Galloanserae_Galliformes_Phasianidae_Perdicinae_Tetraogallus,804,246,86,843,0.406265790803436,0.124305204648813,0.0434562910560889,0.425972713491662,0.548209366391185,0,NA,NA
Tetraogallus_himalayensis,,"HI",Aves,Eukaryota_Metazoa_Chordata_Craniata_Vertebrata_Euteleostomi_Archelosauria_Archosauria_Dinosauria_Saurischia_Theropoda_Coelurosauria_Aves_Neognathae_Galloanserae_Galliformes_Phasianidae_Perdicinae_Tetraogallus,804,246,86,843,0.406265790803436,0.124305204648813,0.0434562910560889,0.425972713491662,0.548209366391185,0,NA,NA
Tetraogallus_tibetanus,,"WI",Aves,Eukaryota_Metazoa_Chordata_Craniata_Vertebrata_Euteleostomi_Archelosauria_Archosauria_Dinosauria_Saurischia_Theropoda_Coelurosauria_Aves_Neognathae_Galloanserae_Galliformes_Phasianidae_Perdicinae_Tetraogallus,807,254,80,830,0.409436834094368,0.128868594622019,0.0405885337392187,0.421106037544394,0.531365313653137,0,NA,NA
Tetraogallus_tibetanus,,"HI",Aves,Eukaryota_Metazoa_Chordata_Craniata_Vertebrata_Euteleostomi_Archelosauria_Archosauria_Dinosauria_Saurischia_Theropoda_Coelurosauria_Aves_Neognathae_Galloanserae_Galliformes_Phasianidae_Perdicinae_Tetraogallus,807,254,80,830,0.409436834094368,0.128868594622019,0.0405885337392187,0.421106037544394,0.531365313653137,0,NA,NA
Tetraophasis_obscurus,,"HI",Aves,Eukaryota_Metazoa_Chordata_Craniata_Vertebrata_Euteleostomi_Archelosauria_Archosauria_Dinosauria_Saurischia_Theropoda_Coelurosauria_Aves_Neognathae_Galloanserae_Galliformes_Phasianidae_Perdicinae_Tetraophasis,800,269,65,808,0.411946446961895,0.138516992790937,0.033470648815654,0.416065911431514,0.500464252553389,0,NA,NA
Tetraophasis_szechenyii,,"HI",Aves,Eukaryota_Metazoa_Chordata_Craniata_Vertebrata_Euteleostomi_Archelosauria_Archosauria_Dinosauria_Saurischia_Theropoda_Coelurosauria_Aves_Neognathae_Galloanserae_Galliformes_Phasianidae_Perdicinae_Tetraophasis,797,266,75,810,0.409137577002053,0.136550308008214,0.0385010266940452,0.415811088295688,0.505576208178439,0,NA,NA
Tetrastes_bonasia,,"WI",Aves,Eukaryota_Metazoa_Chordata_Craniata_Vertebrata_Euteleostomi_Archelosauria_Archosauria_Dinosauria_Saurischia_Theropoda_Coelurosauria_Aves_Neognathae_Galloanserae_Galliformes_Phasianidae_Tetraoninae_Tetrastes,807,352,71,729,0.411944869831547,0.179683511995916,0.0362429811128127,0.372128637059724,0.348751156336725,0,NA,NA
Tetrastes_sewerzowi,,"HI",Aves,Eukaryota_Metazoa_Chordata_Craniata_Vertebrata_Euteleostomi_Archelosauria_Archosauria_Dinosauria_Saurischia_Theropoda_Coelurosauria_Aves_Neognathae_Galloanserae_Galliformes_Phasianidae_Tetraoninae_Tetrastes,794,362,67,739,0.404689092762487,0.184505606523955,0.0341488277268094,0.376656472986748,0.342415985467757,0,NA,NA
Tinamus_guttatus,,"NF",Aves,Eukaryota_Metazoa_Chordata_Craniata_Vertebrata_Euteleostomi_Archelosauria_Archosauria_Dinosauria_Saurischia_Theropoda_Coelurosauria_Aves_Palaeognathae_Tinamiformes_Tinamidae_Tinamus,737,404,52,681,0.393276414087513,0.215581643543223,0.0277481323372465,0.363393810032017,0.255299539170507,0,NA,NA
Tinamus_major,,"NF",Aves,Eukaryota_Metazoa_Chordata_Craniata_Vertebrata_Euteleostomi_Archelosauria_Archosauria_Dinosauria_Saurischia_Theropoda_Coelurosauria_Aves_Palaeognathae_Tinamiformes_Tinamidae_Tinamus,737,401,61,688,0.390567037625861,0.21250662427133,0.03232644409115,0.364599894011659,0.263544536271809,0,NA,NA
Tragopan_caboti,,"TROPIC",Aves,Eukaryota_Metazoa_Chordata_Craniata_Vertebrata_Euteleostomi_Archelosauria_Archosauria_Dinosauria_Saurischia_Theropoda_Coelurosauria_Aves_Neognathae_Galloanserae_Galliformes_Phasianidae_Phasianinae_Tragopan,818,275,90,775,0.417773237997957,0.140449438202247,0.0459652706843718,0.395812053115424,0.476190476190476,0,NA,NA
Tregellasia_leucops,,"TROPIC",Aves,Eukaryota_Metazoa_Chordata_Craniata_Vertebrata_Euteleostomi_Archelosauria_Archosauria_Dinosauria_Saurischia_Theropoda_Coelurosauria_Aves_Neognathae_Passeriformes_Petroicidae_Tregellasia,799,247,134,767,0.410374935798665,0.126861838726246,0.0688238315356959,0.393939393939394,0.512820512820513,1,NA,NA
Tringa_erythropus,,"FM",Aves,Eukaryota_Metazoa_Chordata_Craniata_Vertebrata_Euteleostomi_Archelosauria_Archosauria_Dinosauria_Saurischia_Theropoda_Coelurosauria_Aves_Neognathae_Charadriiformes_Scolopacidae_Tringa,834,299,45,689,0.446705945366899,0.160149973219068,0.0241028387787895,0.369041242635244,0.394736842105263,0,NA,NA
Trogon_viridis,,"TROPIC",Aves,Eukaryota_Metazoa_Chordata_Craniata_Vertebrata_Euteleostomi_Archelosauria_Archosauria_Dinosauria_Saurischia_Theropoda_Coelurosauria_Aves_Neognathae_Trogoniformes_Trogonidae_Trogon,825,401,83,594,0.433526011560694,0.210719915922228,0.0436153441933789,0.312138728323699,0.193969849246231,0,NA,NA
Turdus_eunomus,,"FM",Aves,Eukaryota_Metazoa_Chordata_Craniata_Vertebrata_Euteleostomi_Archelosauria_Archosauria_Dinosauria_Saurischia_Theropoda_Coelurosauria_Aves_Neognathae_Passeriformes_Turdidae_Turdus,764,229,109,853,0.39079283887468,0.117135549872123,0.0557544757033248,0.436317135549872,0.576709796672828,1,NA,NA
Turdus_hortulorum,,"FM",Aves,Eukaryota_Metazoa_Chordata_Craniata_Vertebrata_Euteleostomi_Archelosauria_Archosauria_Dinosauria_Saurischia_Theropoda_Coelurosauria_Aves_Neognathae_Passeriformes_Turdidae_Turdus,739,220,123,863,0.379948586118252,0.113110539845758,0.0632390745501285,0.443701799485861,0.593721144967682,1,NA,NA
Urocissa_erythrorhyncha,,"TROPIC",Aves,Eukaryota_Metazoa_Chordata_Craniata_Vertebrata_Euteleostomi_Archelosauria_Archosauria_Dinosauria_Saurischia_Theropoda_Coelurosauria_Aves_Neognathae_Passeriformes_Corvoidea_Corvidae_Urocissa,851,296,89,635,0.454836985569214,0.15820416889364,0.0475681453768039,0.339390700160342,0.364124597207304,1,NA,NA
Vanellus_cinereus,,"FM",Aves,Eukaryota_Metazoa_Chordata_Craniata_Vertebrata_Euteleostomi_Archelosauria_Archosauria_Dinosauria_Saurischia_Theropoda_Coelurosauria_Aves_Neognathae_Charadriiformes_Charadriidae_Vanellus,821,245,63,744,0.438334223171383,0.130806193272824,0.0336358782701548,0.397223705285638,0.504550050556117,0,NA,NA
Vidua_chalybeata,,"TROPIC",Aves,Eukaryota_Metazoa_Chordata_Craniata_Vertebrata_Euteleostomi_Archelosauria_Archosauria_Dinosauria_Saurischia_Theropoda_Coelurosauria_Aves_Neognathae_Passeriformes_Passeroidea_Estrildidae_Viduinae_Vidua,937,197,107,641,0.497874601487779,0.104675876726886,0.0568544102019129,0.340595111583422,0.529832935560859,1,NA,NA
Xanthopsar_flavus,,"TROPIC",Aves,Eukaryota_Metazoa_Chordata_Craniata_Vertebrata_Euteleostomi_Archelosauria_Archosauria_Dinosauria_Saurischia_Theropoda_Coelurosauria_Aves_Neognathae_Passeriformes_Passeroidea_Icteridae_Xanthopsar,799,260,90,791,0.411855670103093,0.134020618556701,0.0463917525773196,0.407731958762887,0.50523311132255,1,NA,NA
Zosterops_erythropleurus,,"FM",Aves,Eukaryota_Metazoa_Chordata_Craniata_Vertebrata_Euteleostomi_Archelosauria_Archosauria_Dinosauria_Saurischia_Theropoda_Coelurosauria_Aves_Neognathae_Passeriformes_Zosteropidae_Zosterops,856,316,68,663,0.449816079873883,0.166053599579611,0.0357330530740935,0.348397267472412,0.354443309499489,1,NA,NA
