Species,Class,Taxonomy,NeutralA,NeutralT,NeutralG,NeutralC,FrA,FrT,FrG,FrC,Phenotype
Acanthis_flammea,Aves,Eukaryota_Metazoa_Chordata_Craniata_Vertebrata_Euteleostomi_Archelosauria_Archosauria_Dinosauria_Saurischia_Theropoda_Coelurosauria_Aves_Neognathae_Passeriformes_Passeroidea_Fringillidae_Carduelinae_Acanthis,804,285,71,743,0.422490803993694,0.149763531266421,0.0373095112979506,0.390436153441934,,"WI"
Accipiter_nisus,Aves,Eukaryota_Metazoa_Chordata_Craniata_Vertebrata_Euteleostomi_Archelosauria_Archosauria_Dinosauria_Saurischia_Theropoda_Coelurosauria_Aves_Neognathae_Falconiformes_Accipitridae_Accipitrinae_Accipiter,808,306,57,728,0.42548709847288,0.161137440758294,0.0300157977883096,0.383359662980516,,"AI"
Accipiter_virgatus,Aves,Eukaryota_Metazoa_Chordata_Craniata_Vertebrata_Euteleostomi_Archelosauria_Archosauria_Dinosauria_Saurischia_Theropoda_Coelurosauria_Aves_Neognathae_Falconiformes_Accipitridae_Accipitrinae_Accipiter,796,227,44,826,0.420496566296883,0.119915478077126,0.02324352879028,0.436344426835711,,"AI"
Acridotheres_cristatellus,Aves,Eukaryota_Metazoa_Chordata_Craniata_Vertebrata_Euteleostomi_Archelosauria_Archosauria_Dinosauria_Saurischia_Theropoda_Coelurosauria_Aves_Neognathae_Passeriformes_Sturnidae_Acridotheres,804,175,124,812,0.419843342036554,0.0913838120104439,0.0647519582245431,0.42402088772846,,"TROPIC"
Acryllium_vulturinum,Aves,Eukaryota_Metazoa_Chordata_Craniata_Vertebrata_Euteleostomi_Archelosauria_Archosauria_Dinosauria_Saurischia_Theropoda_Coelurosauria_Aves_Neognathae_Galloanserae_Galliformes_Numididae_Acryllium,802,260,86,802,0.411282051282051,0.133333333333333,0.0441025641025641,0.411282051282051,,"NF"
Aegithalos_fuliginosus,Aves,Eukaryota_Metazoa_Chordata_Craniata_Vertebrata_Euteleostomi_Archelosauria_Archosauria_Dinosauria_Saurischia_Theropoda_Coelurosauria_Aves_Neognathae_Passeriformes_Corvoidea_Aegithalidae_Aegithalos,795,306,87,758,0.408530318602261,0.157245632065776,0.0447070914696814,0.389516957862282,,"TROPIC"
Aegotheles_cristatus,Aves,Eukaryota_Metazoa_Chordata_Craniata_Vertebrata_Euteleostomi_Archelosauria_Archosauria_Dinosauria_Saurischia_Theropoda_Coelurosauria_Aves_Neognathae_Caprimulgiformes_Aegothelidae_Aegotheles,802,300,90,732,0.416839916839917,0.155925155925156,0.0467775467775468,0.38045738045738,,"TROPIC"
Agapornis_roseicollis,Aves,Eukaryota_Metazoa_Chordata_Craniata_Vertebrata_Euteleostomi_Archelosauria_Archosauria_Dinosauria_Saurischia_Theropoda_Coelurosauria_Aves_Neognathae_Psittaciformes_Psittacidae_Agapornis,727,197,109,961,0.364593781344032,0.0987963891675025,0.0546639919759278,0.481945837512538,,"TROPIC"
Aix_galericulata,Aves,Eukaryota_Metazoa_Chordata_Craniata_Vertebrata_Euteleostomi_Archelosauria_Archosauria_Dinosauria_Saurischia_Theropoda_Coelurosauria_Aves_Neognathae_Galloanserae_Anseriformes_Anatidae_Aix,775,177,183,849,0.390625,0.0892137096774194,0.0922379032258065,0.427923387096774,,"FM"
Alauda_arvensis,Aves,Eukaryota_Metazoa_Chordata_Craniata_Vertebrata_Euteleostomi_Archelosauria_Archosauria_Dinosauria_Saurischia_Theropoda_Coelurosauria_Aves_Neognathae_Passeriformes_Passeroidea_Alaudidae_Alauda,736,209,107,923,0.372658227848101,0.105822784810127,0.0541772151898734,0.467341772151899,,"FM"
Alectura_lathami,Aves,Eukaryota_Metazoa_Chordata_Craniata_Vertebrata_Euteleostomi_Archelosauria_Archosauria_Dinosauria_Saurischia_Theropoda_Coelurosauria_Aves_Neognathae_Galloanserae_Galliformes_Megapodiidae_Alectura,726,271,164,843,0.362275449101796,0.135229540918164,0.0818363273453094,0.420658682634731,,"TROPIC"
Amaurornis_phoenicurus,Aves,Eukaryota_Metazoa_Chordata_Craniata_Vertebrata_Euteleostomi_Archelosauria_Archosauria_Dinosauria_Saurischia_Theropoda_Coelurosauria_Aves_Neognathae_Gruiformes_Rallidae_Amaurornis,915,279,61,576,0.499726925177499,0.152375750955762,0.0333151283451666,0.314582195521573,,"TROPIC"
Amazilia_versicolor,Aves,Eukaryota_Metazoa_Chordata_Craniata_Vertebrata_Euteleostomi_Archelosauria_Archosauria_Dinosauria_Saurischia_Theropoda_Coelurosauria_Aves_Neognathae_Trochiliformes_Trochilidae_Amazilia,817,259,97,744,0.426186750130412,0.135106937923839,0.0505998956703182,0.38810641627543,,"AI"
Anas_acuta,Aves,Eukaryota_Metazoa_Chordata_Craniata_Vertebrata_Euteleostomi_Archelosauria_Archosauria_Dinosauria_Saurischia_Theropoda_Coelurosauria_Aves_Neognathae_Galloanserae_Anseriformes_Anatidae_Anas,745,159,220,869,0.373808329152032,0.0797792272955344,0.110386352232815,0.436026091319619,,"FM"
Anas_clypeata,Aves,Eukaryota_Metazoa_Chordata_Craniata_Vertebrata_Euteleostomi_Archelosauria_Archosauria_Dinosauria_Saurischia_Theropoda_Coelurosauria_Aves_Neognathae_Galloanserae_Anseriformes_Anatidae_Anas,771,185,196,836,0.387826961770624,0.0930583501006036,0.0985915492957746,0.420523138832998,,"FM"
Anas_crecca,Aves,Eukaryota_Metazoa_Chordata_Craniata_Vertebrata_Euteleostomi_Archelosauria_Archosauria_Dinosauria_Saurischia_Theropoda_Coelurosauria_Aves_Neognathae_Galloanserae_Anseriformes_Anatidae_Anas,760,182,197,845,0.383064516129032,0.0917338709677419,0.0992943548387097,0.425907258064516,,"FM"
Anas_platyrhynchos,Aves,Eukaryota_Metazoa_Chordata_Craniata_Vertebrata_Euteleostomi_Archelosauria_Archosauria_Dinosauria_Saurischia_Theropoda_Coelurosauria_Aves_Neognathae_Galloanserae_Anseriformes_Anatidae_Anas,769,181,183,853,0.387210473313192,0.0911379657603223,0.0921450151057402,0.429506545820745,,"FM"
Anas_poecilorhyncha,Aves,Eukaryota_Metazoa_Chordata_Craniata_Vertebrata_Euteleostomi_Archelosauria_Archosauria_Dinosauria_Saurischia_Theropoda_Coelurosauria_Aves_Neognathae_Galloanserae_Anseriformes_Anatidae_Anas,768,181,185,853,0.386512330145949,0.0910920986411676,0.0931051836940111,0.429290387518873,,"TROPIC"
Anomalopteryx_didiformis,Aves,Eukaryota_Metazoa_Chordata_Craniata_Vertebrata_Euteleostomi_Archelosauria_Archosauria_Dinosauria_Saurischia_Theropoda_Coelurosauria_Aves_Palaeognathae_Dinornithiformes_Emeidae_Anomalopteryx,802,288,81,765,0.414256198347107,0.148760330578512,0.0418388429752066,0.395144628099174,,"NF"
Anser_anser,Aves,Eukaryota_Metazoa_Chordata_Craniata_Vertebrata_Euteleostomi_Archelosauria_Archosauria_Dinosauria_Saurischia_Theropoda_Coelurosauria_Aves_Neognathae_Galloanserae_Anseriformes_Anatidae_Anser,803,195,154,771,0.417576703068123,0.101404056162246,0.0800832033281331,0.400936037441498,,"FM"
Anser_cygnoides,Aves,Eukaryota_Metazoa_Chordata_Craniata_Vertebrata_Euteleostomi_Archelosauria_Archosauria_Dinosauria_Saurischia_Theropoda_Coelurosauria_Aves_Neognathae_Galloanserae_Anseriformes_Anatidae_Anser,806,191,148,775,0.419791666666667,0.0994791666666667,0.0770833333333333,0.403645833333333,,"FM"
Anthropoides_paradiseus,Aves,Eukaryota_Metazoa_Chordata_Craniata_Vertebrata_Euteleostomi_Archelosauria_Archosauria_Dinosauria_Saurischia_Theropoda_Coelurosauria_Aves_Neognathae_Gruiformes_Gruidae_Anthropoides,822,261,67,720,0.439572192513369,0.139572192513369,0.0358288770053476,0.385026737967914,,"TROPIC"
Anthropoides_virgo,Aves,Eukaryota_Metazoa_Chordata_Craniata_Vertebrata_Euteleostomi_Archelosauria_Archosauria_Dinosauria_Saurischia_Theropoda_Coelurosauria_Aves_Neognathae_Gruiformes_Gruidae_Anthropoides,822,243,74,742,0.437001594896332,0.129186602870813,0.0393407761828814,0.394471026049973,,"FM"
Anthus_novaeseelandiae,Aves,Eukaryota_Metazoa_Chordata_Craniata_Vertebrata_Euteleostomi_Archelosauria_Archosauria_Dinosauria_Saurischia_Theropoda_Coelurosauria_Aves_Neognathae_Passeriformes_Passeroidea_Motacillidae_Anthus,757,226,94,866,0.389603705609882,0.116314976839938,0.0483787956767885,0.445702521873392,,"TROPIC"
Aptenodytes_forsteri,Aves,Eukaryota_Metazoa_Chordata_Craniata_Vertebrata_Euteleostomi_Archelosauria_Archosauria_Dinosauria_Saurischia_Theropoda_Coelurosauria_Aves_Neognathae_Sphenisciformes_Spheniscidae_Aptenodytes,801,213,86,857,0.40929994890138,0.108840061318344,0.0439448134900358,0.43791517629024,,"DI"
Aptenodytes_forsteri,Aves,Eukaryota_Metazoa_Chordata_Craniata_Vertebrata_Euteleostomi_Archelosauria_Archosauria_Dinosauria_Saurischia_Theropoda_Coelurosauria_Aves_Neognathae_Sphenisciformes_Spheniscidae_Aptenodytes,801,213,86,857,0.40929994890138,0.108840061318344,0.0439448134900358,0.43791517629024,,"NF"
Aptenodytes_forsteri,Aves,Eukaryota_Metazoa_Chordata_Craniata_Vertebrata_Euteleostomi_Archelosauria_Archosauria_Dinosauria_Saurischia_Theropoda_Coelurosauria_Aves_Neognathae_Sphenisciformes_Spheniscidae_Aptenodytes,801,213,86,857,0.40929994890138,0.108840061318344,0.0439448134900358,0.43791517629024,,"WI"
Apteryx_haastii,Aves,Eukaryota_Metazoa_Chordata_Craniata_Vertebrata_Euteleostomi_Archelosauria_Archosauria_Dinosauria_Saurischia_Theropoda_Coelurosauria_Aves_Palaeognathae_Apterygiformes_Apterygidae_Apteryx,832,339,61,674,0.436516264428122,0.177859391395593,0.0320041972717733,0.353620146904512,,"NF"
Apteryx_owenii,Aves,Eukaryota_Metazoa_Chordata_Craniata_Vertebrata_Euteleostomi_Archelosauria_Archosauria_Dinosauria_Saurischia_Theropoda_Coelurosauria_Aves_Palaeognathae_Apterygiformes_Apterygidae_Apteryx,830,365,64,648,0.435238594651285,0.19140010487677,0.0335605663345569,0.339800734137389,,"NF"
Apus_apus,Aves,Eukaryota_Metazoa_Chordata_Craniata_Vertebrata_Euteleostomi_Archelosauria_Archosauria_Dinosauria_Saurischia_Theropoda_Coelurosauria_Aves_Neognathae_Apodiformes_Apodidae_Apus,817,285,46,769,0.426186750130412,0.148669796557121,0.0239958268127282,0.401147626499739,,"AI"
Arborophila_ardens,Aves,Eukaryota_Metazoa_Chordata_Craniata_Vertebrata_Euteleostomi_Archelosauria_Archosauria_Dinosauria_Saurischia_Theropoda_Coelurosauria_Aves_Neognathae_Galloanserae_Galliformes_Phasianidae_Perdicinae_Arborophila,813,267,68,793,0.418856259659969,0.137557959814529,0.0350334878928387,0.408552292632664,,"TROPIC"
Arborophila_brunneopectus,Aves,Eukaryota_Metazoa_Chordata_Craniata_Vertebrata_Euteleostomi_Archelosauria_Archosauria_Dinosauria_Saurischia_Theropoda_Coelurosauria_Aves_Neognathae_Galloanserae_Galliformes_Phasianidae_Perdicinae_Arborophila,817,286,66,773,0.420700308959835,0.147270854788877,0.0339855818743563,0.398043254376931,,"TROPIC"
Arborophila_rufipectus,Aves,Eukaryota_Metazoa_Chordata_Craniata_Vertebrata_Euteleostomi_Archelosauria_Archosauria_Dinosauria_Saurischia_Theropoda_Coelurosauria_Aves_Neognathae_Galloanserae_Galliformes_Phasianidae_Perdicinae_Arborophila,806,288,86,793,0.408514951849975,0.145970603142423,0.0435884439939179,0.401926001013685,,"TROPIC"
Archilochus_colubris,Aves,Eukaryota_Metazoa_Chordata_Craniata_Vertebrata_Euteleostomi_Archelosauria_Archosauria_Dinosauria_Saurischia_Theropoda_Coelurosauria_Aves_Neognathae_Trochiliformes_Trochilidae_Archilochus,805,275,100,733,0.42080501829587,0.143753267119707,0.0522739153162572,0.383167799268165,,"AI"
Arenaria_interpres,Aves,Eukaryota_Metazoa_Chordata_Craniata_Vertebrata_Euteleostomi_Archelosauria_Archosauria_Dinosauria_Saurischia_Theropoda_Coelurosauria_Aves_Neognathae_Charadriiformes_Scolopacidae_Arenaria,777,319,86,714,0.409810126582278,0.168248945147679,0.0453586497890295,0.376582278481013,,"FM"
Asio_flammeus,Aves,Eukaryota_Metazoa_Chordata_Craniata_Vertebrata_Euteleostomi_Archelosauria_Archosauria_Dinosauria_Saurischia_Theropoda_Coelurosauria_Aves_Neognathae_Strigiformes_Strigidae_Asio,793,306,63,783,0.407712082262211,0.1573264781491,0.0323907455012853,0.402570694087404,,"FM"
Aythya_americana,Aves,Eukaryota_Metazoa_Chordata_Craniata_Vertebrata_Euteleostomi_Archelosauria_Archosauria_Dinosauria_Saurischia_Theropoda_Coelurosauria_Aves_Neognathae_Galloanserae_Anseriformes_Anatidae_Aythya,772,184,176,837,0.39207719654647,0.0934484509903504,0.0893854748603352,0.425088877602844,,"FM"
Aythya_americana,Aves,Eukaryota_Metazoa_Chordata_Craniata_Vertebrata_Euteleostomi_Archelosauria_Archosauria_Dinosauria_Saurischia_Theropoda_Coelurosauria_Aves_Neognathae_Galloanserae_Anseriformes_Anatidae_Aythya,772,184,176,837,0.39207719654647,0.0934484509903504,0.0893854748603352,0.425088877602844,,"DI"
Aythya_ferina,Aves,Eukaryota_Metazoa_Chordata_Craniata_Vertebrata_Euteleostomi_Archelosauria_Archosauria_Dinosauria_Saurischia_Theropoda_Coelurosauria_Aves_Neognathae_Galloanserae_Anseriformes_Anatidae_Aythya,769,179,170,845,0.39174732552216,0.0911869587366276,0.086602139582272,0.43046357615894,,"FM"
Aythya_ferina,Aves,Eukaryota_Metazoa_Chordata_Craniata_Vertebrata_Euteleostomi_Archelosauria_Archosauria_Dinosauria_Saurischia_Theropoda_Coelurosauria_Aves_Neognathae_Galloanserae_Anseriformes_Anatidae_Aythya,769,179,170,845,0.39174732552216,0.0911869587366276,0.086602139582272,0.43046357615894,,"DI"
Aythya_fuligula,Aves,Eukaryota_Metazoa_Chordata_Craniata_Vertebrata_Euteleostomi_Archelosauria_Archosauria_Dinosauria_Saurischia_Theropoda_Coelurosauria_Aves_Neognathae_Galloanserae_Anseriformes_Anatidae_Aythya,762,185,168,850,0.387786259541985,0.094147582697201,0.0854961832061069,0.432569974554707,,"FM"
Aythya_fuligula,Aves,Eukaryota_Metazoa_Chordata_Craniata_Vertebrata_Euteleostomi_Archelosauria_Archosauria_Dinosauria_Saurischia_Theropoda_Coelurosauria_Aves_Neognathae_Galloanserae_Anseriformes_Anatidae_Aythya,762,185,168,850,0.387786259541985,0.094147582697201,0.0854961832061069,0.432569974554707,,"DI"
Balearica_pavonina,Aves,Eukaryota_Metazoa_Chordata_Craniata_Vertebrata_Euteleostomi_Archelosauria_Archosauria_Dinosauria_Saurischia_Theropoda_Coelurosauria_Aves_Neognathae_Gruiformes_Gruidae_Balearica,804,247,80,747,0.428115015974441,0.131522896698616,0.0425985090521832,0.39776357827476,,"TROPIC"
Balearica_regulorum,Aves,Eukaryota_Metazoa_Chordata_Craniata_Vertebrata_Euteleostomi_Archelosauria_Archosauria_Dinosauria_Saurischia_Theropoda_Coelurosauria_Aves_Neognathae_Gruiformes_Gruidae_Balearica,808,254,79,725,0.433011789924973,0.136120042872454,0.0423365487674169,0.388531618435155,,"TROPIC"
Buteo_buteo,Aves,Eukaryota_Metazoa_Chordata_Craniata_Vertebrata_Euteleostomi_Archelosauria_Archosauria_Dinosauria_Saurischia_Theropoda_Coelurosauria_Aves_Neognathae_Falconiformes_Accipitridae_Accipitrinae_Buteo,788,270,48,829,0.407235142118863,0.13953488372093,0.0248062015503876,0.428423772609819,,"AI"
Buteo_hemilasius,Aves,Eukaryota_Metazoa_Chordata_Craniata_Vertebrata_Euteleostomi_Archelosauria_Archosauria_Dinosauria_Saurischia_Theropoda_Coelurosauria_Aves_Neognathae_Falconiformes_Accipitridae_Accipitrinae_Buteo,782,256,54,846,0.403508771929825,0.132094943240454,0.0278637770897833,0.436532507739938,,"AI"
Buteo_lagopus,Aves,Eukaryota_Metazoa_Chordata_Craniata_Vertebrata_Euteleostomi_Archelosauria_Archosauria_Dinosauria_Saurischia_Theropoda_Coelurosauria_Aves_Neognathae_Falconiformes_Accipitridae_Accipitrinae_Buteo,787,248,54,849,0.40608875128999,0.12796697626419,0.0278637770897833,0.438080495356037,,"AI"
Cairina_moschata,Aves,Eukaryota_Metazoa_Chordata_Craniata_Vertebrata_Euteleostomi_Archelosauria_Archosauria_Dinosauria_Saurischia_Theropoda_Coelurosauria_Aves_Neognathae_Galloanserae_Anseriformes_Anatidae_Cairina,743,162,221,863,0.373554550025138,0.081447963800905,0.111111111111111,0.433886375062846,,"TROPIC"
Callipepla_squamata,Aves,Eukaryota_Metazoa_Chordata_Craniata_Vertebrata_Euteleostomi_Archelosauria_Archosauria_Dinosauria_Saurischia_Theropoda_Coelurosauria_Aves_Neognathae_Galloanserae_Galliformes_Odontophoridae_Callipepla,821,254,48,809,0.424948240165631,0.131469979296066,0.0248447204968944,0.418737060041408,,"TROPIC"
Calliphlox_amethystina,Aves,Eukaryota_Metazoa_Chordata_Craniata_Vertebrata_Euteleostomi_Archelosauria_Archosauria_Dinosauria_Saurischia_Theropoda_Coelurosauria_Aves_Neognathae_Trochiliformes_Trochilidae_Calliphlox,825,279,95,727,0.428348909657321,0.144859813084112,0.04932502596054,0.377466251298027,,"AI"
Campephilus_guatemalensis,Aves,Eukaryota_Metazoa_Chordata_Craniata_Vertebrata_Euteleostomi_Archelosauria_Archosauria_Dinosauria_Saurischia_Theropoda_Coelurosauria_Aves_Neognathae_Piciformes_Picidae_Campephilus,657,279,89,1010,0.322850122850123,0.137100737100737,0.0437346437346437,0.496314496314496,,"TROPIC"
Campylorhynchus_brunneicapillus,Aves,Eukaryota_Metazoa_Chordata_Craniata_Vertebrata_Euteleostomi_Archelosauria_Archosauria_Dinosauria_Saurischia_Theropoda_Coelurosauria_Aves_Neognathae_Passeriformes_Certhiidae_Troglodytinae_Campylorhynchus,706,151,167,987,0.351069119840875,0.0750870213823968,0.0830432620586773,0.490800596718051,,"TROPIC"
Casuarius_casuarius,Aves,Eukaryota_Metazoa_Chordata_Craniata_Vertebrata_Euteleostomi_Archelosauria_Archosauria_Dinosauria_Saurischia_Theropoda_Coelurosauria_Aves_Palaeognathae_Casuariiformes_Casuariidae_Casuarius,814,370,94,645,0.423296931877275,0.192407696307852,0.0488819552782111,0.335413416536661,,"NF"
Cecropis_daurica,Aves,Eukaryota_Metazoa_Chordata_Craniata_Vertebrata_Euteleostomi_Archelosauria_Archosauria_Dinosauria_Saurischia_Theropoda_Coelurosauria_Aves_Neognathae_Passeriformes_Hirundinidae_Cecropis,818,218,107,775,0.426485922836288,0.113660062565172,0.0557872784150156,0.404066736183525,,"AI"
Ceryle_rudis,Aves,Eukaryota_Metazoa_Chordata_Craniata_Vertebrata_Euteleostomi_Archelosauria_Archosauria_Dinosauria_Saurischia_Theropoda_Coelurosauria_Aves_Neognathae_Coraciiformes_Cerylidae_Ceryle,821,247,44,755,0.439742903053026,0.132297803963578,0.0235672201392608,0.404392072844135,,"TROPIC"
Chaetura_pelagica,Aves,Eukaryota_Metazoa_Chordata_Craniata_Vertebrata_Euteleostomi_Archelosauria_Archosauria_Dinosauria_Saurischia_Theropoda_Coelurosauria_Aves_Neognathae_Apodiformes_Apodidae_Chaetura,825,208,55,830,0.430135557872784,0.10844629822732,0.0286757038581856,0.43274244004171,,"AI"
Chroicocephalus_ridibundus,Aves,Eukaryota_Metazoa_Chordata_Craniata_Vertebrata_Euteleostomi_Archelosauria_Archosauria_Dinosauria_Saurischia_Theropoda_Coelurosauria_Aves_Neognathae_Charadriiformes_Laridae_Chroicocephalus,792,289,107,717,0.415748031496063,0.151706036745407,0.0561679790026247,0.376377952755906,,"AI"
Chrysolampis_mosquitus,Aves,Eukaryota_Metazoa_Chordata_Craniata_Vertebrata_Euteleostomi_Archelosauria_Archosauria_Dinosauria_Saurischia_Theropoda_Coelurosauria_Aves_Neognathae_Trochiliformes_Trochilidae_Chrysolampis,823,254,136,729,0.423789907312049,0.130792996910402,0.0700308959835221,0.375386199794027,,"AI"
Chrysomus_cyanopus,Aves,Eukaryota_Metazoa_Chordata_Craniata_Vertebrata_Euteleostomi_Archelosauria_Archosauria_Dinosauria_Saurischia_Theropoda_Coelurosauria_Aves_Neognathae_Passeriformes_Passeroidea_Icteridae_Chrysomus,805,252,90,781,0.41753112033195,0.130705394190871,0.0466804979253112,0.405082987551867,,"TROPIC"
Chrysomus_ruficapillus,Aves,Eukaryota_Metazoa_Chordata_Craniata_Vertebrata_Euteleostomi_Archelosauria_Archosauria_Dinosauria_Saurischia_Theropoda_Coelurosauria_Aves_Neognathae_Passeriformes_Passeroidea_Icteridae_Chrysomus,827,253,74,765,0.430953621677957,0.131839499739448,0.0385617509119333,0.398645127670662,,"TROPIC"
Chrysomus_xanthophthalmus,Aves,Eukaryota_Metazoa_Chordata_Craniata_Vertebrata_Euteleostomi_Archelosauria_Archosauria_Dinosauria_Saurischia_Theropoda_Coelurosauria_Aves_Neognathae_Passeriformes_Passeroidea_Icteridae_Chrysomus,803,250,93,784,0.416062176165803,0.129533678756477,0.0481865284974093,0.406217616580311,,"TROPIC"
Ciconia_ciconia,Aves,Eukaryota_Metazoa_Chordata_Craniata_Vertebrata_Euteleostomi_Archelosauria_Archosauria_Dinosauria_Saurischia_Theropoda_Coelurosauria_Aves_Neognathae_Ciconiiformes_Ciconiidae_Ciconia,779,237,72,843,0.40341791817711,0.122734334541688,0.0372863801139306,0.436561367167271,,"FM"
Ciconia_nigra,Aves,Eukaryota_Metazoa_Chordata_Craniata_Vertebrata_Euteleostomi_Archelosauria_Archosauria_Dinosauria_Saurischia_Theropoda_Coelurosauria_Aves_Neognathae_Ciconiiformes_Ciconiidae_Ciconia,796,230,78,843,0.408834103749358,0.118130457113508,0.0400616332819723,0.432973805855162,,"FM"
Cnemotriccus_fuscatus,Aves,Eukaryota_Metazoa_Chordata_Craniata_Vertebrata_Euteleostomi_Archelosauria_Archosauria_Dinosauria_Saurischia_Theropoda_Coelurosauria_Aves_Neognathae_Passeriformes_Tyrannidae_Cnemotriccus,737,502,67,607,0.385258755880815,0.262415054887611,0.0350235232618923,0.317302665969681,,"TROPIC"
Copsychus_saularis,Aves,Eukaryota_Metazoa_Chordata_Craniata_Vertebrata_Euteleostomi_Archelosauria_Archosauria_Dinosauria_Saurischia_Theropoda_Coelurosauria_Aves_Neognathae_Passeriformes_Muscicapidae_Copsychus,751,253,111,835,0.385128205128205,0.12974358974359,0.0569230769230769,0.428205128205128,,"TROPIC"
Corvus_hawaiiensis,Aves,Eukaryota_Metazoa_Chordata_Craniata_Vertebrata_Euteleostomi_Archelosauria_Archosauria_Dinosauria_Saurischia_Theropoda_Coelurosauria_Aves_Neognathae_Passeriformes_Corvoidea_Corvidae_Corvus,836,317,114,594,0.449220849005911,0.170338527673294,0.061257388500806,0.319183234819989,,"TROPIC"
Corvus_splendens,Aves,Eukaryota_Metazoa_Chordata_Craniata_Vertebrata_Euteleostomi_Archelosauria_Archosauria_Dinosauria_Saurischia_Theropoda_Coelurosauria_Aves_Neognathae_Passeriformes_Corvoidea_Corvidae_Corvus,850,314,114,620,0.447839831401475,0.165437302423604,0.0600632244467861,0.326659641728135,,"TROPIC"
Coturnicops_exquisitus,Aves,Eukaryota_Metazoa_Chordata_Craniata_Vertebrata_Euteleostomi_Archelosauria_Archosauria_Dinosauria_Saurischia_Theropoda_Coelurosauria_Aves_Neognathae_Gruiformes_Rallidae_Coturnicops,941,209,69,593,0.519315673289183,0.115342163355408,0.0380794701986755,0.327262693156733,,"FM"
Coturnix_japonica,Aves,Eukaryota_Metazoa_Chordata_Craniata_Vertebrata_Euteleostomi_Archelosauria_Archosauria_Dinosauria_Saurischia_Theropoda_Coelurosauria_Aves_Neognathae_Galloanserae_Galliformes_Phasianidae_Perdicinae_Coturnix,840,273,44,763,0.4375,0.1421875,0.0229166666666667,0.397395833333333,,"FM"
Crax_daubentoni,Aves,Eukaryota_Metazoa_Chordata_Craniata_Vertebrata_Euteleostomi_Archelosauria_Archosauria_Dinosauria_Saurischia_Theropoda_Coelurosauria_Aves_Neognathae_Galloanserae_Galliformes_Cracidae_Crax,769,275,104,808,0.393149284253579,0.140593047034765,0.0531697341513292,0.413087934560327,,"TROPIC"
Crax_rubra,Aves,Eukaryota_Metazoa_Chordata_Craniata_Vertebrata_Euteleostomi_Archelosauria_Archosauria_Dinosauria_Saurischia_Theropoda_Coelurosauria_Aves_Neognathae_Galloanserae_Galliformes_Cracidae_Crax,766,270,102,822,0.390816326530612,0.137755102040816,0.0520408163265306,0.419387755102041,,"TROPIC"
Crossoptilon_auritum,Aves,Eukaryota_Metazoa_Chordata_Craniata_Vertebrata_Euteleostomi_Archelosauria_Archosauria_Dinosauria_Saurischia_Theropoda_Coelurosauria_Aves_Neognathae_Galloanserae_Galliformes_Phasianidae_Phasianinae_Crossoptilon,773,294,97,797,0.394186639469658,0.149923508414074,0.0494645588985212,0.406425293217746,,"HI"
Crossoptilon_crossoptilon,Aves,Eukaryota_Metazoa_Chordata_Craniata_Vertebrata_Euteleostomi_Archelosauria_Archosauria_Dinosauria_Saurischia_Theropoda_Coelurosauria_Aves_Neognathae_Galloanserae_Galliformes_Phasianidae_Phasianinae_Crossoptilon,779,298,91,796,0.396639511201629,0.15173116089613,0.0463340122199593,0.405295315682281,,"HI"
Crossoptilon_harmani,Aves,Eukaryota_Metazoa_Chordata_Craniata_Vertebrata_Euteleostomi_Archelosauria_Archosauria_Dinosauria_Saurischia_Theropoda_Coelurosauria_Aves_Neognathae_Galloanserae_Galliformes_Phasianidae_Phasianinae_Crossoptilon,778,298,91,794,0.39673635900051,0.151963284038756,0.0464048954614992,0.404895461499235,,"HI"
Cuculus_poliocephalus,Aves,Eukaryota_Metazoa_Chordata_Craniata_Vertebrata_Euteleostomi_Archelosauria_Archosauria_Dinosauria_Saurischia_Theropoda_Coelurosauria_Aves_Neognathae_Cuculiformes_Cuculidae_Cuculus,926,237,61,599,0.507953922106418,0.130005485463522,0.0334613274821722,0.328579264947888,,"FM"
Curaeus_curaeus,Aves,Eukaryota_Metazoa_Chordata_Craniata_Vertebrata_Euteleostomi_Archelosauria_Archosauria_Dinosauria_Saurischia_Theropoda_Coelurosauria_Aves_Neognathae_Passeriformes_Passeroidea_Icteridae_Curaeus,798,279,94,751,0.41519250780437,0.145161290322581,0.0489073881373569,0.390738813735692,,"TROPIC"
Cyanoptila_cyanomelana,Aves,Eukaryota_Metazoa_Chordata_Craniata_Vertebrata_Euteleostomi_Archelosauria_Archosauria_Dinosauria_Saurischia_Theropoda_Coelurosauria_Aves_Neognathae_Passeriformes_Muscicapidae_Cyanoptila,791,207,104,807,0.41435306443164,0.108433734939759,0.0544787847040335,0.422734415924568,,"FM"
Cygnus_atratus,Aves,Eukaryota_Metazoa_Chordata_Craniata_Vertebrata_Euteleostomi_Archelosauria_Archosauria_Dinosauria_Saurischia_Theropoda_Coelurosauria_Aves_Neognathae_Galloanserae_Anseriformes_Anatidae_Cygnus,794,178,197,793,0.404689092762487,0.09072375127421,0.100407747196738,0.404179408766565,,"TROPIC"
Cygnus_columbianus,Aves,Eukaryota_Metazoa_Chordata_Craniata_Vertebrata_Euteleostomi_Archelosauria_Archosauria_Dinosauria_Saurischia_Theropoda_Coelurosauria_Aves_Neognathae_Galloanserae_Anseriformes_Anatidae_Cygnus,799,226,152,744,0.415929203539823,0.117647058823529,0.0791254554919313,0.387298282144716,,"FM"
Cygnus_cygnus,Aves,Eukaryota_Metazoa_Chordata_Craniata_Vertebrata_Euteleostomi_Archelosauria_Archosauria_Dinosauria_Saurischia_Theropoda_Coelurosauria_Aves_Neognathae_Galloanserae_Anseriformes_Anatidae_Cygnus,795,225,151,753,0.413201663201663,0.116943866943867,0.0784823284823285,0.391372141372141,,"FM"
Cygnus_olor,Aves,Eukaryota_Metazoa_Chordata_Craniata_Vertebrata_Euteleostomi_Archelosauria_Archosauria_Dinosauria_Saurischia_Theropoda_Coelurosauria_Aves_Neognathae_Galloanserae_Anseriformes_Anatidae_Cygnus,787,194,204,766,0.403382880574065,0.0994361865709892,0.10456176319836,0.392619169656586,,"FM"
Dendrocopos_leucotos,Aves,Eukaryota_Metazoa_Chordata_Craniata_Vertebrata_Euteleostomi_Archelosauria_Archosauria_Dinosauria_Saurischia_Theropoda_Coelurosauria_Aves_Neognathae_Piciformes_Picidae_Dendrocopos,660,272,84,1020,0.324165029469548,0.133595284872299,0.0412573673870334,0.50098231827112,,"WI"
Dendrocopos_major,Aves,Eukaryota_Metazoa_Chordata_Craniata_Vertebrata_Euteleostomi_Archelosauria_Archosauria_Dinosauria_Saurischia_Theropoda_Coelurosauria_Aves_Neognathae_Piciformes_Picidae_Dendrocopos,653,293,78,994,0.323587710604559,0.145193260654113,0.0386521308225966,0.492566897918731,,"WI"
Dinornis_giganteus,Aves,Eukaryota_Metazoa_Chordata_Craniata_Vertebrata_Euteleostomi_Archelosauria_Archosauria_Dinosauria_Saurischia_Theropoda_Coelurosauria_Aves_Palaeognathae_Dinornithiformes_Dinornithidae_Dinornis,795,288,100,757,0.40979381443299,0.148453608247423,0.0515463917525773,0.39020618556701,,"NF"
Dives_dives,Aves,Eukaryota_Metazoa_Chordata_Craniata_Vertebrata_Euteleostomi_Archelosauria_Archosauria_Dinosauria_Saurischia_Theropoda_Coelurosauria_Aves_Neognathae_Passeriformes_Passeroidea_Icteridae_Dives,817,220,88,802,0.423975090814738,0.1141670991178,0.0456668396471199,0.416190970420342,,"TROPIC"
Dromaius_novaehollandiae,Aves,Eukaryota_Metazoa_Chordata_Craniata_Vertebrata_Euteleostomi_Archelosauria_Archosauria_Dinosauria_Saurischia_Theropoda_Coelurosauria_Aves_Palaeognathae_Casuariiformes_Dromaiidae_Dromaius,843,382,74,612,0.441130298273155,0.199895342752486,0.0387231815803244,0.320251177394035,,"NF"
Eclectus_roratus,Aves,Eukaryota_Metazoa_Chordata_Craniata_Vertebrata_Euteleostomi_Archelosauria_Archosauria_Dinosauria_Saurischia_Theropoda_Coelurosauria_Aves_Neognathae_Psittaciformes_Psittacidae_Eclectus,880,170,38,802,0.465608465608466,0.0899470899470899,0.0201058201058201,0.424338624338624,,"TROPIC"
Egretta_eulophotes,Aves,Eukaryota_Metazoa_Chordata_Craniata_Vertebrata_Euteleostomi_Archelosauria_Archosauria_Dinosauria_Saurischia_Theropoda_Coelurosauria_Aves_Neognathae_Pelecaniformes_Ardeidae_Egretta,811,244,58,800,0.423941453214846,0.127548353371668,0.0303188708834292,0.418191322530057,,"FM"
Emberiza_chrysophrys,Aves,Eukaryota_Metazoa_Chordata_Craniata_Vertebrata_Euteleostomi_Archelosauria_Archosauria_Dinosauria_Saurischia_Theropoda_Coelurosauria_Aves_Neognathae_Passeriformes_Passeroidea_Fringillidae_Emberizinae_Emberizini_Emberiza,764,178,142,878,0.389398572884811,0.09072375127421,0.072375127420999,0.44750254841998,,"FM"
Emberiza_pusilla,Aves,Eukaryota_Metazoa_Chordata_Craniata_Vertebrata_Euteleostomi_Archelosauria_Archosauria_Dinosauria_Saurischia_Theropoda_Coelurosauria_Aves_Neognathae_Passeriformes_Passeroidea_Fringillidae_Emberizinae_Emberizini_Emberiza,786,222,121,846,0.397974683544304,0.112405063291139,0.0612658227848101,0.428354430379747,,"FM"
Emberiza_rutila,Aves,Eukaryota_Metazoa_Chordata_Craniata_Vertebrata_Euteleostomi_Archelosauria_Archosauria_Dinosauria_Saurischia_Theropoda_Coelurosauria_Aves_Neognathae_Passeriformes_Passeroidea_Fringillidae_Emberizinae_Emberizini_Emberiza,789,224,105,847,0.401526717557252,0.113994910941476,0.0534351145038168,0.431043256997455,,"FM"
Emberiza_tristrami,Aves,Eukaryota_Metazoa_Chordata_Craniata_Vertebrata_Euteleostomi_Archelosauria_Archosauria_Dinosauria_Saurischia_Theropoda_Coelurosauria_Aves_Neognathae_Passeriformes_Passeroidea_Fringillidae_Emberizinae_Emberizini_Emberiza,787,196,119,863,0.400508905852417,0.0997455470737914,0.060559796437659,0.439185750636132,,"FM"
Emeus_crassus,Aves,Eukaryota_Metazoa_Chordata_Craniata_Vertebrata_Euteleostomi_Archelosauria_Archosauria_Dinosauria_Saurischia_Theropoda_Coelurosauria_Aves_Palaeognathae_Dinornithiformes_Emeidae_Emeus,795,292,79,762,0.412344398340249,0.151452282157676,0.0409751037344398,0.395228215767635,,"NF"
Eopsaltria_australis,Aves,Eukaryota_Metazoa_Chordata_Craniata_Vertebrata_Euteleostomi_Archelosauria_Archosauria_Dinosauria_Saurischia_Theropoda_Coelurosauria_Aves_Neognathae_Passeriformes_Petroicidae_Eopsaltria,823,259,91,722,0.434300791556728,0.136675461741425,0.0480211081794195,0.381002638522427,,"TROPIC"
Eopsaltria_georgiana,Aves,Eukaryota_Metazoa_Chordata_Craniata_Vertebrata_Euteleostomi_Archelosauria_Archosauria_Dinosauria_Saurischia_Theropoda_Coelurosauria_Aves_Neognathae_Passeriformes_Petroicidae_Eopsaltria,831,250,130,711,0.432362122788762,0.130072840790843,0.0676378772112383,0.369927159209157,,"TROPIC"
Eopsaltria_griseogularis,Aves,Eukaryota_Metazoa_Chordata_Craniata_Vertebrata_Euteleostomi_Archelosauria_Archosauria_Dinosauria_Saurischia_Theropoda_Coelurosauria_Aves_Neognathae_Passeriformes_Petroicidae_Eopsaltria,832,250,129,711,0.432882414151925,0.130072840790843,0.0671175858480749,0.369927159209157,,"TROPIC"
Epthianura_albifrons,Aves,Eukaryota_Metazoa_Chordata_Craniata_Vertebrata_Euteleostomi_Archelosauria_Archosauria_Dinosauria_Saurischia_Theropoda_Coelurosauria_Aves_Neognathae_Passeriformes_Meliphagidae_Epthianura,819,217,72,773,0.435406698564593,0.115364167995747,0.0382775119617225,0.410951621477937,,"TROPIC"
Eudocimus_ruber,Aves,Eukaryota_Metazoa_Chordata_Craniata_Vertebrata_Euteleostomi_Archelosauria_Archosauria_Dinosauria_Saurischia_Theropoda_Coelurosauria_Aves_Neognathae_Pelecaniformes_Threskiornithidae_Eudocimus,807,299,64,736,0.423399790136411,0.156873032528856,0.0335781741867786,0.386149003147954,,"TROPIC"
Eudromia_elegans,Aves,Eukaryota_Metazoa_Chordata_Craniata_Vertebrata_Euteleostomi_Archelosauria_Archosauria_Dinosauria_Saurischia_Theropoda_Coelurosauria_Aves_Palaeognathae_Tinamiformes_Tinamidae_Eudromia,710,415,43,767,0.366925064599483,0.214470284237726,0.0222222222222222,0.396382428940568,,"NF"
Eudyptes_chrysocome,Aves,Eukaryota_Metazoa_Chordata_Craniata_Vertebrata_Euteleostomi_Archelosauria_Archosauria_Dinosauria_Saurischia_Theropoda_Coelurosauria_Aves_Neognathae_Sphenisciformes_Spheniscidae_Eudyptes,792,195,55,895,0.408879710893134,0.100671140939597,0.0283944243675787,0.46205472379969,,"DI"
Eudyptes_chrysocome,Aves,Eukaryota_Metazoa_Chordata_Craniata_Vertebrata_Euteleostomi_Archelosauria_Archosauria_Dinosauria_Saurischia_Theropoda_Coelurosauria_Aves_Neognathae_Sphenisciformes_Spheniscidae_Eudyptes,792,195,55,895,0.408879710893134,0.100671140939597,0.0283944243675787,0.46205472379969,,"NF"
Eudyptula_minor,Aves,Eukaryota_Metazoa_Chordata_Craniata_Vertebrata_Euteleostomi_Archelosauria_Archosauria_Dinosauria_Saurischia_Theropoda_Coelurosauria_Aves_Neognathae_Sphenisciformes_Spheniscidae_Eudyptula,804,219,57,849,0.416796267496112,0.11353032659409,0.0295489891135303,0.440124416796268,,"DI"
Eudyptula_minor,Aves,Eukaryota_Metazoa_Chordata_Craniata_Vertebrata_Euteleostomi_Archelosauria_Archosauria_Dinosauria_Saurischia_Theropoda_Coelurosauria_Aves_Neognathae_Sphenisciformes_Spheniscidae_Eudyptula,804,219,57,849,0.416796267496112,0.11353032659409,0.0295489891135303,0.440124416796268,,"NF"
Eulabeornis_castaneoventris,Aves,Eukaryota_Metazoa_Chordata_Craniata_Vertebrata_Euteleostomi_Archelosauria_Archosauria_Dinosauria_Saurischia_Theropoda_Coelurosauria_Aves_Neognathae_Gruiformes_Rallidae_Eulabeornis,829,242,86,729,0.439554612937434,0.128313891834571,0.0455991516436903,0.386532343584305,,"TROPIC"
Euphagus_cyanocephalus,Aves,Eukaryota_Metazoa_Chordata_Craniata_Vertebrata_Euteleostomi_Archelosauria_Archosauria_Dinosauria_Saurischia_Theropoda_Coelurosauria_Aves_Neognathae_Passeriformes_Passeroidea_Icteridae_Euphagus,822,242,85,770,0.428348097967692,0.126107347576863,0.044293903074518,0.401250651380928,,"FM"
Falco_cherrug,Aves,Eukaryota_Metazoa_Chordata_Craniata_Vertebrata_Euteleostomi_Archelosauria_Archosauria_Dinosauria_Saurischia_Theropoda_Coelurosauria_Aves_Neognathae_Falconiformes_Falconidae_Falco,812,231,74,789,0.426023084994753,0.121196222455404,0.0388247639034627,0.41395592864638,,"AI"
Falco_columbarius,Aves,Eukaryota_Metazoa_Chordata_Craniata_Vertebrata_Euteleostomi_Archelosauria_Archosauria_Dinosauria_Saurischia_Theropoda_Coelurosauria_Aves_Neognathae_Falconiformes_Falconidae_Falco,816,214,66,808,0.428571428571429,0.112394957983193,0.0346638655462185,0.42436974789916,,"AI"
Falco_naumanni,Aves,Eukaryota_Metazoa_Chordata_Craniata_Vertebrata_Euteleostomi_Archelosauria_Archosauria_Dinosauria_Saurischia_Theropoda_Coelurosauria_Aves_Neognathae_Falconiformes_Falconidae_Falco,810,151,66,867,0.42766631467793,0.0797254487856389,0.0348468848996832,0.457761351636748,,"AI"
Falco_peregrinus,Aves,Eukaryota_Metazoa_Chordata_Craniata_Vertebrata_Euteleostomi_Archelosauria_Archosauria_Dinosauria_Saurischia_Theropoda_Coelurosauria_Aves_Neognathae_Falconiformes_Falconidae_Falco,821,222,69,796,0.430293501048218,0.116352201257862,0.0361635220125786,0.417190775681342,,"AI"
Falco_rusticolus,Aves,Eukaryota_Metazoa_Chordata_Craniata_Vertebrata_Euteleostomi_Archelosauria_Archosauria_Dinosauria_Saurischia_Theropoda_Coelurosauria_Aves_Neognathae_Falconiformes_Falconidae_Falco,822,223,69,797,0.430141287284144,0.116692830978545,0.0361067503924647,0.417059131344846,,"AI"
Falco_tinnunculus,Aves,Eukaryota_Metazoa_Chordata_Craniata_Vertebrata_Euteleostomi_Archelosauria_Archosauria_Dinosauria_Saurischia_Theropoda_Coelurosauria_Aves_Neognathae_Falconiformes_Falconidae_Falco,809,154,67,862,0.427589852008457,0.0813953488372093,0.0354122621564482,0.455602536997886,,"AI"
Ficedula_albicollis,Aves,Eukaryota_Metazoa_Chordata_Craniata_Vertebrata_Euteleostomi_Archelosauria_Archosauria_Dinosauria_Saurischia_Theropoda_Coelurosauria_Aves_Neognathae_Passeriformes_Muscicapidae_Ficedula,755,195,134,879,0.384615384615385,0.0993377483443709,0.0682628629648497,0.447784004075395,,"FM"
Ficedula_zanthopygia,Aves,Eukaryota_Metazoa_Chordata_Craniata_Vertebrata_Euteleostomi_Archelosauria_Archosauria_Dinosauria_Saurischia_Theropoda_Coelurosauria_Aves_Neognathae_Passeriformes_Muscicapidae_Ficedula,766,261,110,790,0.397509081473793,0.135443694862481,0.0570835495588998,0.409963674104826,,"FM"
Florisuga_fusca,Aves,Eukaryota_Metazoa_Chordata_Craniata_Vertebrata_Euteleostomi_Archelosauria_Archosauria_Dinosauria_Saurischia_Theropoda_Coelurosauria_Aves_Neognathae_Trochiliformes_Trochilidae_Florisuga,802,237,93,803,0.414470284237726,0.122480620155039,0.048062015503876,0.414987080103359,,"AI"
Florisuga_mellivora,Aves,Eukaryota_Metazoa_Chordata_Craniata_Vertebrata_Euteleostomi_Archelosauria_Archosauria_Dinosauria_Saurischia_Theropoda_Coelurosauria_Aves_Neognathae_Trochiliformes_Trochilidae_Florisuga,805,256,99,794,0.411975435005118,0.131013306038895,0.0506653019447288,0.406345957011259,,"AI"
Francolinus_pintadeanus,Aves,Eukaryota_Metazoa_Chordata_Craniata_Vertebrata_Euteleostomi_Archelosauria_Archosauria_Dinosauria_Saurischia_Theropoda_Coelurosauria_Aves_Neognathae_Galloanserae_Galliformes_Phasianidae_Perdicinae_Francolinus,824,289,60,776,0.422780913288866,0.148281169830682,0.0307850179579271,0.398152898922524,,"TROPIC"
Fringilla_montifringilla,Aves,Eukaryota_Metazoa_Chordata_Craniata_Vertebrata_Euteleostomi_Archelosauria_Archosauria_Dinosauria_Saurischia_Theropoda_Coelurosauria_Aves_Neognathae_Passeriformes_Passeroidea_Fringillidae_Fringillinae_Fringilla,803,222,72,807,0.421743697478992,0.116596638655462,0.0378151260504202,0.423844537815126,,"FM"
Gallirallus_okinawae,Aves,Eukaryota_Metazoa_Chordata_Craniata_Vertebrata_Euteleostomi_Archelosauria_Archosauria_Dinosauria_Saurischia_Theropoda_Coelurosauria_Aves_Neognathae_Gruiformes_Rallidae_Gallirallus,827,231,71,755,0.43895966029724,0.122611464968153,0.0376857749469214,0.400743099787686,,"NF"
Gallus_lafayetii,Aves,Eukaryota_Metazoa_Chordata_Craniata_Vertebrata_Euteleostomi_Archelosauria_Archosauria_Dinosauria_Saurischia_Theropoda_Coelurosauria_Aves_Neognathae_Galloanserae_Galliformes_Phasianidae_Phasianinae_Gallus,785,243,79,842,0.402770651616213,0.124679322729605,0.0405336069779374,0.432016418676244,,"TROPIC"
Gallus_sonneratii,Aves,Eukaryota_Metazoa_Chordata_Craniata_Vertebrata_Euteleostomi_Archelosauria_Archosauria_Dinosauria_Saurischia_Theropoda_Coelurosauria_Aves_Neognathae_Galloanserae_Galliformes_Phasianidae_Phasianinae_Gallus,801,251,70,829,0.410558687852383,0.128651973347002,0.0358790363915941,0.424910302409021,,"TROPIC"
Garrulax_canorus,Aves,Eukaryota_Metazoa_Chordata_Craniata_Vertebrata_Euteleostomi_Archelosauria_Archosauria_Dinosauria_Saurischia_Theropoda_Coelurosauria_Aves_Neognathae_Passeriformes_Leiothrichidae_Garrulax,776,224,118,840,0.39632277834525,0.114402451481103,0.0602655771195097,0.429009193054137,,"TROPIC"
Garrulax_cineraceus,Aves,Eukaryota_Metazoa_Chordata_Craniata_Vertebrata_Euteleostomi_Archelosauria_Archosauria_Dinosauria_Saurischia_Theropoda_Coelurosauria_Aves_Neognathae_Passeriformes_Leiothrichidae_Garrulax,780,197,103,862,0.401647785787848,0.101441812564367,0.053038105046344,0.443872296601442,,"TROPIC"
Garrulax_perspicillatus,Aves,Eukaryota_Metazoa_Chordata_Craniata_Vertebrata_Euteleostomi_Archelosauria_Archosauria_Dinosauria_Saurischia_Theropoda_Coelurosauria_Aves_Neognathae_Passeriformes_Leiothrichidae_Garrulax,781,244,108,817,0.40051282051282,0.125128205128205,0.0553846153846154,0.418974358974359,,"TROPIC"
Garrulax_poecilorhynchus,Aves,Eukaryota_Metazoa_Chordata_Craniata_Vertebrata_Euteleostomi_Archelosauria_Archosauria_Dinosauria_Saurischia_Theropoda_Coelurosauria_Aves_Neognathae_Passeriformes_Leiothrichidae_Garrulax,826,284,66,751,0.428645563051375,0.147379346133887,0.0342501297353399,0.389724961079398,,"TROPIC"
Garrulax_sannio,Aves,Eukaryota_Metazoa_Chordata_Craniata_Vertebrata_Euteleostomi_Archelosauria_Archosauria_Dinosauria_Saurischia_Theropoda_Coelurosauria_Aves_Neognathae_Passeriformes_Leiothrichidae_Garrulax,789,198,128,843,0.402962206332993,0.101123595505618,0.0653728294177732,0.430541368743616,,"TROPIC"
Garrulus_glandarius,Aves,Eukaryota_Metazoa_Chordata_Craniata_Vertebrata_Euteleostomi_Archelosauria_Archosauria_Dinosauria_Saurischia_Theropoda_Coelurosauria_Aves_Neognathae_Passeriformes_Corvoidea_Corvidae_Garrulus,826,333,88,617,0.4431330472103,0.178648068669528,0.0472103004291846,0.331008583690987,,"WI"
Gavia_stellata,Aves,Eukaryota_Metazoa_Chordata_Craniata_Vertebrata_Euteleostomi_Archelosauria_Archosauria_Dinosauria_Saurischia_Theropoda_Coelurosauria_Aves_Neognathae_Gaviiformes_Gaviidae_Gavia,780,225,87,838,0.404145077720207,0.116580310880829,0.0450777202072539,0.43419689119171,,"DI"
Gavia_stellata,Aves,Eukaryota_Metazoa_Chordata_Craniata_Vertebrata_Euteleostomi_Archelosauria_Archosauria_Dinosauria_Saurischia_Theropoda_Coelurosauria_Aves_Neognathae_Gaviiformes_Gaviidae_Gavia,780,225,87,838,0.404145077720207,0.116580310880829,0.0450777202072539,0.43419689119171,,"FM"
Geococcyx_californianus,Aves,Eukaryota_Metazoa_Chordata_Craniata_Vertebrata_Euteleostomi_Archelosauria_Archosauria_Dinosauria_Saurischia_Theropoda_Coelurosauria_Aves_Neognathae_Cuculiformes_Neomorphidae_Geococcyx,855,212,41,771,0.455029270888771,0.112825971261309,0.0218201170835551,0.410324640766365,,"TROPIC"
Gerygone_igata,Aves,Eukaryota_Metazoa_Chordata_Craniata_Vertebrata_Euteleostomi_Archelosauria_Archosauria_Dinosauria_Saurischia_Theropoda_Coelurosauria_Aves_Neognathae_Passeriformes_Acanthizidae_Gerygone,732,300,123,803,0.373850868232891,0.153217568947906,0.0628192032686415,0.410112359550562,,"TROPIC"
Gorsachius_goisagi,Aves,Eukaryota_Metazoa_Chordata_Craniata_Vertebrata_Euteleostomi_Archelosauria_Archosauria_Dinosauria_Saurischia_Theropoda_Coelurosauria_Aves_Neognathae_Pelecaniformes_Ardeidae_Gorsachius,848,292,26,695,0.45566899516389,0.15690488984417,0.0139709833422891,0.373455131649651,,"FM"
Gracula_religiosa,Aves,Eukaryota_Metazoa_Chordata_Craniata_Vertebrata_Euteleostomi_Archelosauria_Archosauria_Dinosauria_Saurischia_Theropoda_Coelurosauria_Aves_Neognathae_Passeriformes_Sturnidae_Gracula,766,211,93,876,0.393627954779034,0.108427543679342,0.0477903391572456,0.450154162384378,,"TROPIC"
Grus_americana,Aves,Eukaryota_Metazoa_Chordata_Craniata_Vertebrata_Euteleostomi_Archelosauria_Archosauria_Dinosauria_Saurischia_Theropoda_Coelurosauria_Aves_Neognathae_Gruiformes_Gruidae_Grus,833,267,59,715,0.444503735325507,0.14247598719317,0.0314834578441836,0.38153681963714,,"FM"
Grus_grus,Aves,Eukaryota_Metazoa_Chordata_Craniata_Vertebrata_Euteleostomi_Archelosauria_Archosauria_Dinosauria_Saurischia_Theropoda_Coelurosauria_Aves_Neognathae_Gruiformes_Gruidae_Grus,823,261,58,723,0.441286863270777,0.139946380697051,0.0310991957104558,0.387667560321716,,"FM"
Grus_japonensis,Aves,Eukaryota_Metazoa_Chordata_Craniata_Vertebrata_Euteleostomi_Archelosauria_Archosauria_Dinosauria_Saurischia_Theropoda_Coelurosauria_Aves_Neognathae_Gruiformes_Gruidae_Grus,827,256,65,723,0.442009620523784,0.136825227151256,0.0347407803313736,0.386424371993586,,"FM"
Grus_leucogeranus,Aves,Eukaryota_Metazoa_Chordata_Craniata_Vertebrata_Euteleostomi_Archelosauria_Archosauria_Dinosauria_Saurischia_Theropoda_Coelurosauria_Aves_Neognathae_Gruiformes_Gruidae_Grus,821,256,65,724,0.439978563772776,0.137191854233655,0.0348338692390139,0.387995712754555,,"FM"
Grus_monacha,Aves,Eukaryota_Metazoa_Chordata_Craniata_Vertebrata_Euteleostomi_Archelosauria_Archosauria_Dinosauria_Saurischia_Theropoda_Coelurosauria_Aves_Neognathae_Gruiformes_Gruidae_Grus,831,255,58,731,0.4432,0.136,0.0309333333333333,0.389866666666667,,"FM"
Grus_rubicunda,Aves,Eukaryota_Metazoa_Chordata_Craniata_Vertebrata_Euteleostomi_Archelosauria_Archosauria_Dinosauria_Saurischia_Theropoda_Coelurosauria_Aves_Neognathae_Gruiformes_Gruidae_Grus,826,264,51,731,0.441239316239316,0.141025641025641,0.0272435897435897,0.390491452991453,,"TROPIC"
Grus_vipio,Aves,Eukaryota_Metazoa_Chordata_Craniata_Vertebrata_Euteleostomi_Archelosauria_Archosauria_Dinosauria_Saurischia_Theropoda_Coelurosauria_Aves_Neognathae_Gruiformes_Gruidae_Grus,833,257,60,721,0.445216461785142,0.137359700694816,0.0320684126135756,0.385355424906467,,"FM"
Gymnomystax_mexicanus,Aves,Eukaryota_Metazoa_Chordata_Craniata_Vertebrata_Euteleostomi_Archelosauria_Archosauria_Dinosauria_Saurischia_Theropoda_Coelurosauria_Aves_Neognathae_Passeriformes_Passeroidea_Icteridae_Gymnomystax,811,222,91,791,0.423498694516971,0.115926892950392,0.0475195822454308,0.413054830287206,,"TROPIC"
Halcyon_pileata,Aves,Eukaryota_Metazoa_Chordata_Craniata_Vertebrata_Euteleostomi_Archelosauria_Archosauria_Dinosauria_Saurischia_Theropoda_Coelurosauria_Aves_Neognathae_Coraciiformes_Alcedinidae_Halcyon,776,208,71,859,0.405433646812957,0.108672936259143,0.0370950888192267,0.448798328108673,,"FM"
Heliodoxa_aurescens,Aves,Eukaryota_Metazoa_Chordata_Craniata_Vertebrata_Euteleostomi_Archelosauria_Archosauria_Dinosauria_Saurischia_Theropoda_Coelurosauria_Aves_Neognathae_Trochiliformes_Trochilidae_Heliodoxa,779,242,112,826,0.397651863195508,0.123532414497192,0.0571720265441552,0.421643695763144,,"AI"
Heliornis_fulica,Aves,Eukaryota_Metazoa_Chordata_Craniata_Vertebrata_Euteleostomi_Archelosauria_Archosauria_Dinosauria_Saurischia_Theropoda_Coelurosauria_Aves_Neognathae_Gruiformes_Heliornithidae_Heliornis,881,300,140,529,0.476216216216216,0.162162162162162,0.0756756756756757,0.285945945945946,,"TROPIC"
Hemiphaga_novaeseelandiae,Aves,Eukaryota_Metazoa_Chordata_Craniata_Vertebrata_Euteleostomi_Archelosauria_Archosauria_Dinosauria_Saurischia_Theropoda_Coelurosauria_Aves_Neognathae_Columbiformes_Columbidae_Hemiphaga,810,280,54,770,0.423197492163009,0.146290491118077,0.0282131661442006,0.402298850574713,,"TROPIC"
Henicorhina_leucosticta,Aves,Eukaryota_Metazoa_Chordata_Craniata_Vertebrata_Euteleostomi_Archelosauria_Archosauria_Dinosauria_Saurischia_Theropoda_Coelurosauria_Aves_Neognathae_Passeriformes_Certhiidae_Troglodytinae_Henicorhina,774,261,100,839,0.39209726443769,0.132218844984802,0.0506585612968592,0.425025329280648,,"TROPIC"
Hyliota_flavigaster,Aves,Eukaryota_Metazoa_Chordata_Craniata_Vertebrata_Euteleostomi_Archelosauria_Archosauria_Dinosauria_Saurischia_Theropoda_Coelurosauria_Aves_Neognathae_Passeriformes_Sylviidae_Hyliota,816,323,76,697,0.426778242677824,0.168933054393305,0.0397489539748954,0.364539748953975,,"TROPIC"
Hylocharis_cyanus,Aves,Eukaryota_Metazoa_Chordata_Craniata_Vertebrata_Euteleostomi_Archelosauria_Archosauria_Dinosauria_Saurischia_Theropoda_Coelurosauria_Aves_Neognathae_Trochiliformes_Trochilidae_Hylocharis,819,268,106,752,0.421079691516709,0.137789203084833,0.0544987146529563,0.386632390745501,,"AI"
Ichthyaetus_relictus,Aves,Eukaryota_Metazoa_Chordata_Craniata_Vertebrata_Euteleostomi_Archelosauria_Archosauria_Dinosauria_Saurischia_Theropoda_Coelurosauria_Aves_Neognathae_Charadriiformes_Laridae_Ichthyaetus,798,297,91,710,0.420886075949367,0.156645569620253,0.0479957805907173,0.374472573839662,,"AI"
Ithaginis_cruentus,Aves,Eukaryota_Metazoa_Chordata_Craniata_Vertebrata_Euteleostomi_Archelosauria_Archosauria_Dinosauria_Saurischia_Theropoda_Coelurosauria_Aves_Neognathae_Galloanserae_Galliformes_Phasianidae_Phasianinae_Ithaginis,823,273,59,775,0.426424870466321,0.141450777202073,0.0305699481865285,0.401554404145078,,"HI"
Jacana_jacana,Aves,Eukaryota_Metazoa_Chordata_Craniata_Vertebrata_Euteleostomi_Archelosauria_Archosauria_Dinosauria_Saurischia_Theropoda_Coelurosauria_Aves_Neognathae_Charadriiformes_Jacanidae_Jacana,837,276,42,748,0.439831844456122,0.14503415659485,0.022070415133999,0.393063583815029,,"TROPIC"
Lanius_cristatus,Aves,Eukaryota_Metazoa_Chordata_Craniata_Vertebrata_Euteleostomi_Archelosauria_Archosauria_Dinosauria_Saurischia_Theropoda_Coelurosauria_Aves_Neognathae_Passeriformes_Corvoidea_Laniidae_Lanius,848,353,105,545,0.458130740140465,0.190707725553755,0.0567260940032415,0.294435440302539,,"FM"
Lanius_isabellinus,Aves,Eukaryota_Metazoa_Chordata_Craniata_Vertebrata_Euteleostomi_Archelosauria_Archosauria_Dinosauria_Saurischia_Theropoda_Coelurosauria_Aves_Neognathae_Passeriformes_Corvoidea_Laniidae_Lanius,858,344,97,555,0.462783171521036,0.18554476806904,0.052319309600863,0.299352750809061,,"FM"
Larus_brunnicephalus,Aves,Eukaryota_Metazoa_Chordata_Craniata_Vertebrata_Euteleostomi_Archelosauria_Archosauria_Dinosauria_Saurischia_Theropoda_Coelurosauria_Aves_Neognathae_Charadriiformes_Laridae_Larus,793,287,107,716,0.416710457172885,0.150814503415659,0.0562270099842354,0.37624802942722,,"AI"
Larus_crassirostris,Aves,Eukaryota_Metazoa_Chordata_Craniata_Vertebrata_Euteleostomi_Archelosauria_Archosauria_Dinosauria_Saurischia_Theropoda_Coelurosauria_Aves_Neognathae_Charadriiformes_Laridae_Larus,792,298,94,712,0.417721518987342,0.157172995780591,0.04957805907173,0.375527426160338,,"AI"
Larus_dominicanus,Aves,Eukaryota_Metazoa_Chordata_Craniata_Vertebrata_Euteleostomi_Archelosauria_Archosauria_Dinosauria_Saurischia_Theropoda_Coelurosauria_Aves_Neognathae_Charadriiformes_Laridae_Larus,794,284,98,726,0.41745531019979,0.14931650893796,0.0515247108307045,0.381703470031546,,"AI"
Leiothrix_argentauris,Aves,Eukaryota_Metazoa_Chordata_Craniata_Vertebrata_Euteleostomi_Archelosauria_Archosauria_Dinosauria_Saurischia_Theropoda_Coelurosauria_Aves_Neognathae_Passeriformes_Leiothrichidae_Leiothrix,813,283,106,722,0.422557172557173,0.147089397089397,0.0550935550935551,0.375259875259875,,"TROPIC"
Lewinia_muelleri,Aves,Eukaryota_Metazoa_Chordata_Craniata_Vertebrata_Euteleostomi_Archelosauria_Archosauria_Dinosauria_Saurischia_Theropoda_Coelurosauria_Aves_Neognathae_Gruiformes_Rallidae_Lewinia,852,291,55,660,0.458557588805167,0.156620021528525,0.0296017222820237,0.355220667384284,,"NF"
Lophophorus_lhuysii,Aves,Eukaryota_Metazoa_Chordata_Craniata_Vertebrata_Euteleostomi_Archelosauria_Archosauria_Dinosauria_Saurischia_Theropoda_Coelurosauria_Aves_Neognathae_Galloanserae_Galliformes_Phasianidae_Phasianinae_Lophophorus,810,312,61,734,0.422535211267606,0.162754303599374,0.0318205529473135,0.382889932185707,,"HI"
Luscinia_cyanura,Aves,Eukaryota_Metazoa_Chordata_Craniata_Vertebrata_Euteleostomi_Archelosauria_Archosauria_Dinosauria_Saurischia_Theropoda_Coelurosauria_Aves_Neognathae_Passeriformes_Turdidae_Luscinia,786,234,77,812,0.4117338920901,0.122577265584075,0.0403352540597171,0.425353588266108,,"FM"
Lyrurus_tetrix,Aves,Eukaryota_Metazoa_Chordata_Craniata_Vertebrata_Euteleostomi_Archelosauria_Archosauria_Dinosauria_Saurischia_Theropoda_Coelurosauria_Aves_Neognathae_Galloanserae_Galliformes_Phasianidae_Tetraoninae_Lyrurus,796,336,59,750,0.410097887686759,0.173106646058733,0.0303967027305513,0.386398763523957,,"WI"
Macroagelaius_imthurni,Aves,Eukaryota_Metazoa_Chordata_Craniata_Vertebrata_Euteleostomi_Archelosauria_Archosauria_Dinosauria_Saurischia_Theropoda_Coelurosauria_Aves_Neognathae_Passeriformes_Passeroidea_Icteridae_Macroagelaius,822,255,96,733,0.431269674711438,0.133788037775446,0.0503672612801679,0.384575026232949,,"TROPIC"
Malurus_melanocephalus,Aves,Eukaryota_Metazoa_Chordata_Craniata_Vertebrata_Euteleostomi_Archelosauria_Archosauria_Dinosauria_Saurischia_Theropoda_Coelurosauria_Aves_Neognathae_Passeriformes_Maluridae_Malurus,748,297,96,812,0.38300051203277,0.152073732718894,0.0491551459293395,0.415770609318996,,"TROPIC"
Meleagris_gallopavo,Aves,Eukaryota_Metazoa_Chordata_Craniata_Vertebrata_Euteleostomi_Archelosauria_Archosauria_Dinosauria_Saurischia_Theropoda_Coelurosauria_Aves_Neognathae_Galloanserae_Galliformes_Phasianidae_Meleagridinae_Meleagris,816,360,74,685,0.421705426356589,0.186046511627907,0.0382428940568475,0.354005167958656,,"TROPIC"
Menura_novaehollandiae,Aves,Eukaryota_Metazoa_Chordata_Craniata_Vertebrata_Euteleostomi_Archelosauria_Archosauria_Dinosauria_Saurischia_Theropoda_Coelurosauria_Aves_Neognathae_Passeriformes_Menuridae_Menura,761,315,108,732,0.397181628392484,0.164405010438413,0.0563674321503132,0.382045929018789,,"TROPIC"
Micrastur_gilvicollis,Aves,Eukaryota_Metazoa_Chordata_Craniata_Vertebrata_Euteleostomi_Archelosauria_Archosauria_Dinosauria_Saurischia_Theropoda_Coelurosauria_Aves_Neognathae_Falconiformes_Falconidae_Micrastur,797,276,67,806,0.409558067831449,0.141829393627955,0.0344295991778006,0.414182939362795,,"AI"
Mionectes_oleagineus,Aves,Eukaryota_Metazoa_Chordata_Craniata_Vertebrata_Euteleostomi_Archelosauria_Archosauria_Dinosauria_Saurischia_Theropoda_Coelurosauria_Aves_Neognathae_Passeriformes_Tyrannidae_Mionectes,749,342,57,786,0.387280248190279,0.176835573940021,0.0294725956566701,0.40641158221303,,"TROPIC"
Molothrus_badius,Aves,Eukaryota_Metazoa_Chordata_Craniata_Vertebrata_Euteleostomi_Archelosauria_Archosauria_Dinosauria_Saurischia_Theropoda_Coelurosauria_Aves_Neognathae_Passeriformes_Passeroidea_Icteridae_Molothrus,796,265,103,775,0.410520887055183,0.136668385765859,0.0531201650335224,0.399690562145436,,"FM"
Montifringilla_adamsi,Aves,Eukaryota_Metazoa_Chordata_Craniata_Vertebrata_Euteleostomi_Archelosauria_Archosauria_Dinosauria_Saurischia_Theropoda_Coelurosauria_Aves_Neognathae_Passeriformes_Passeroidea_Passeridae_Montifringilla,804,249,131,762,0.413155190133607,0.127954779033916,0.0673175745118191,0.391572456320658,,"HI"
Montifringilla_nivalis,Aves,Eukaryota_Metazoa_Chordata_Craniata_Vertebrata_Euteleostomi_Archelosauria_Archosauria_Dinosauria_Saurischia_Theropoda_Coelurosauria_Aves_Neognathae_Passeriformes_Passeroidea_Passeridae_Montifringilla,797,253,160,756,0.405391658189217,0.128687690742625,0.081383519837233,0.384537131230926,,"HI"
Montifringilla_ruficollis,Aves,Eukaryota_Metazoa_Chordata_Craniata_Vertebrata_Euteleostomi_Archelosauria_Archosauria_Dinosauria_Saurischia_Theropoda_Coelurosauria_Aves_Neognathae_Passeriformes_Passeroidea_Passeridae_Montifringilla,845,317,100,659,0.439875065070276,0.165018219677251,0.0520562207183758,0.343050494534097,,"HI"
Montifringilla_taczanowskii,Aves,Eukaryota_Metazoa_Chordata_Craniata_Vertebrata_Euteleostomi_Archelosauria_Archosauria_Dinosauria_Saurischia_Theropoda_Coelurosauria_Aves_Neognathae_Passeriformes_Passeroidea_Passeridae_Montifringilla,827,265,122,709,0.430057202288092,0.137805512220489,0.0634425377015081,0.368694747789912,,"HI"
Motacilla_alba,Aves,Eukaryota_Metazoa_Chordata_Craniata_Vertebrata_Euteleostomi_Archelosauria_Archosauria_Dinosauria_Saurischia_Theropoda_Coelurosauria_Aves_Neognathae_Passeriformes_Passeroidea_Motacillidae_Motacilla,810,237,95,773,0.422976501305483,0.123759791122715,0.0496083550913838,0.403655352480418,,"FM"
Motacilla_cinerea,Aves,Eukaryota_Metazoa_Chordata_Craniata_Vertebrata_Euteleostomi_Archelosauria_Archosauria_Dinosauria_Saurischia_Theropoda_Coelurosauria_Aves_Neognathae_Passeriformes_Passeroidea_Motacillidae_Motacilla,801,219,110,790,0.4171875,0.1140625,0.0572916666666667,0.411458333333333,,"FM"
Myiopsitta_monachus,Aves,Eukaryota_Metazoa_Chordata_Craniata_Vertebrata_Euteleostomi_Archelosauria_Archosauria_Dinosauria_Saurischia_Theropoda_Coelurosauria_Aves_Neognathae_Psittaciformes_Psittacidae_Myiopsitta,893,263,63,663,0.474495217853348,0.139744952178533,0.0334750265674814,0.352284803400638,,"TROPIC"
Neophema_chrysogaster,Aves,Eukaryota_Metazoa_Chordata_Craniata_Vertebrata_Euteleostomi_Archelosauria_Archosauria_Dinosauria_Saurischia_Theropoda_Coelurosauria_Aves_Neognathae_Psittaciformes_Psittacidae_Neophema,819,177,79,871,0.420863309352518,0.0909558067831449,0.0405960945529291,0.447584789311408,,"FM"
Nesopsar_nigerrimus,Aves,Eukaryota_Metazoa_Chordata_Craniata_Vertebrata_Euteleostomi_Archelosauria_Archosauria_Dinosauria_Saurischia_Theropoda_Coelurosauria_Aves_Neognathae_Passeriformes_Passeroidea_Icteridae_Nesopsar,797,241,92,817,0.40934771443246,0.123780174627632,0.0472521828454032,0.419619928094504,,"TROPIC"
Nestor_notabilis,Aves,Eukaryota_Metazoa_Chordata_Craniata_Vertebrata_Euteleostomi_Archelosauria_Archosauria_Dinosauria_Saurischia_Theropoda_Coelurosauria_Aves_Neognathae_Psittaciformes_Psittacidae_Nestor,815,341,61,698,0.425587467362924,0.178067885117493,0.0318537859007833,0.364490861618799,,"TROPIC"
Netta_rufina,Aves,Eukaryota_Metazoa_Chordata_Craniata_Vertebrata_Euteleostomi_Archelosauria_Archosauria_Dinosauria_Saurischia_Theropoda_Coelurosauria_Aves_Neognathae_Galloanserae_Anseriformes_Anatidae_Netta,774,204,176,817,0.392694063926941,0.103500761035008,0.0892947742262811,0.414510400811771,,"DI"
Netta_rufina,Aves,Eukaryota_Metazoa_Chordata_Craniata_Vertebrata_Euteleostomi_Archelosauria_Archosauria_Dinosauria_Saurischia_Theropoda_Coelurosauria_Aves_Neognathae_Galloanserae_Anseriformes_Anatidae_Netta,774,204,176,817,0.392694063926941,0.103500761035008,0.0892947742262811,0.414510400811771,,"FM"
Ninox_scutulata,Aves,Eukaryota_Metazoa_Chordata_Craniata_Vertebrata_Euteleostomi_Archelosauria_Archosauria_Dinosauria_Saurischia_Theropoda_Coelurosauria_Aves_Neognathae_Strigiformes_Strigidae_Ninox,821,195,75,835,0.426272066458982,0.101246105919003,0.0389408099688473,0.433541017653167,,"TROPIC"
Nisaetus_nipalensis,Aves,Eukaryota_Metazoa_Chordata_Craniata_Vertebrata_Euteleostomi_Archelosauria_Archosauria_Dinosauria_Saurischia_Theropoda_Coelurosauria_Aves_Neognathae_Falconiformes_Accipitridae_Accipitrinae_Nisaetus,740,263,108,861,0.37525354969574,0.133367139959432,0.0547667342799189,0.436612576064909,,"TROPIC"
Oreotrochilus_melanogaster,Aves,Eukaryota_Metazoa_Chordata_Craniata_Vertebrata_Euteleostomi_Archelosauria_Archosauria_Dinosauria_Saurischia_Theropoda_Coelurosauria_Aves_Neognathae_Trochiliformes_Trochilidae_Oreotrochilus,801,219,83,823,0.41588785046729,0.113707165109034,0.0430944963655244,0.427310488058152,,"AI"
Oreotrochilus_melanogaster,Aves,Eukaryota_Metazoa_Chordata_Craniata_Vertebrata_Euteleostomi_Archelosauria_Archosauria_Dinosauria_Saurischia_Theropoda_Coelurosauria_Aves_Neognathae_Trochiliformes_Trochilidae_Oreotrochilus,801,219,83,823,0.41588785046729,0.113707165109034,0.0430944963655244,0.427310488058152,,"HI"
Otus_bakkamoena,Aves,Eukaryota_Metazoa_Chordata_Craniata_Vertebrata_Euteleostomi_Archelosauria_Archosauria_Dinosauria_Saurischia_Theropoda_Coelurosauria_Aves_Neognathae_Strigiformes_Strigidae_Otus,829,344,70,687,0.429533678756477,0.178238341968912,0.0362694300518135,0.355958549222798,,"TROPIC"
Padda_oryzivora,Aves,Eukaryota_Metazoa_Chordata_Craniata_Vertebrata_Euteleostomi_Archelosauria_Archosauria_Dinosauria_Saurischia_Theropoda_Coelurosauria_Aves_Neognathae_Passeriformes_Passeroidea_Passeridae_Padda,927,167,61,681,0.504901960784314,0.090958605664488,0.0332244008714597,0.370915032679739,,"TROPIC"
Paradoxornis_webbianus,Aves,Eukaryota_Metazoa_Chordata_Craniata_Vertebrata_Euteleostomi_Archelosauria_Archosauria_Dinosauria_Saurischia_Theropoda_Coelurosauria_Aves_Neognathae_Passeriformes_Muscicapidae_Paradoxornis,776,327,117,739,0.396120469627361,0.166921898928025,0.0597243491577335,0.377233282286881,,"TROPIC"
Pavo_cristatus,Aves,Eukaryota_Metazoa_Chordata_Craniata_Vertebrata_Euteleostomi_Archelosauria_Archosauria_Dinosauria_Saurischia_Theropoda_Coelurosauria_Aves_Neognathae_Galloanserae_Galliformes_Phasianidae_Phasianinae_Pavo,823,330,70,708,0.426204039357846,0.170895908855515,0.0362506473329881,0.366649404453651,,"TROPIC"
Pavo_muticus,Aves,Eukaryota_Metazoa_Chordata_Craniata_Vertebrata_Euteleostomi_Archelosauria_Archosauria_Dinosauria_Saurischia_Theropoda_Coelurosauria_Aves_Neognathae_Galloanserae_Galliformes_Phasianidae_Phasianinae_Pavo,826,315,67,726,0.427094105480869,0.16287487073423,0.0346432264736298,0.375387797311272,,"TROPIC"
Perdix_hodgsoniae,Aves,Eukaryota_Metazoa_Chordata_Craniata_Vertebrata_Euteleostomi_Archelosauria_Archosauria_Dinosauria_Saurischia_Theropoda_Coelurosauria_Aves_Neognathae_Galloanserae_Galliformes_Phasianidae_Perdicinae_Perdix,765,296,83,842,0.385196374622357,0.149043303121853,0.0417925478348439,0.423967774420947,,"HI"
Periparus_ater,Aves,Eukaryota_Metazoa_Chordata_Craniata_Vertebrata_Euteleostomi_Archelosauria_Archosauria_Dinosauria_Saurischia_Theropoda_Coelurosauria_Aves_Neognathae_Passeriformes_Paridae_Periparus,724,171,95,975,0.368447837150127,0.0870229007633588,0.0483460559796438,0.49618320610687,,"WI"
Petroica_australis,Aves,Eukaryota_Metazoa_Chordata_Craniata_Vertebrata_Euteleostomi_Archelosauria_Archosauria_Dinosauria_Saurischia_Theropoda_Coelurosauria_Aves_Neognathae_Passeriformes_Petroicidae_Petroica,773,277,104,779,0.399896533885153,0.143300569063632,0.0538023797206415,0.403000517330574,,"TROPIC"
Petroica_macrocephala,Aves,Eukaryota_Metazoa_Chordata_Craniata_Vertebrata_Euteleostomi_Archelosauria_Archosauria_Dinosauria_Saurischia_Theropoda_Coelurosauria_Aves_Neognathae_Passeriformes_Petroicidae_Petroica,801,242,110,784,0.413526071244192,0.124935467217346,0.0567888487351575,0.404749612803304,,"TROPIC"
Phaethon_lepturus,Aves,Eukaryota_Metazoa_Chordata_Craniata_Vertebrata_Euteleostomi_Archelosauria_Archosauria_Dinosauria_Saurischia_Theropoda_Coelurosauria_Aves_Neognathae_Pelecaniformes_Phaethontidae_Phaethon,746,180,143,926,0.373934837092732,0.0902255639097744,0.0716791979949875,0.464160401002506,,"AI"
Phaethon_rubricauda,Aves,Eukaryota_Metazoa_Chordata_Craniata_Vertebrata_Euteleostomi_Archelosauria_Archosauria_Dinosauria_Saurischia_Theropoda_Coelurosauria_Aves_Neognathae_Pelecaniformes_Phaethontidae_Phaethon,748,208,134,888,0.378159757330637,0.1051567239636,0.0677451971688574,0.448938321536906,,"AI"
Phaethornis_malaris,Aves,Eukaryota_Metazoa_Chordata_Craniata_Vertebrata_Euteleostomi_Archelosauria_Archosauria_Dinosauria_Saurischia_Theropoda_Coelurosauria_Aves_Neognathae_Trochiliformes_Trochilidae_Phaethornis,859,293,62,704,0.447862356621481,0.152763295099062,0.032325338894682,0.367049009384776,,"AI"
Philesturnus_carunculatus,Aves,Eukaryota_Metazoa_Chordata_Craniata_Vertebrata_Euteleostomi_Archelosauria_Archosauria_Dinosauria_Saurischia_Theropoda_Coelurosauria_Aves_Neognathae_Passeriformes_Corvoidea_Callaeatidae_Creadion,802,262,161,739,0.408350305498982,0.133401221995927,0.0819755600814664,0.376272912423625,,"TROPIC"
Phodilus_badius,Aves,Eukaryota_Metazoa_Chordata_Craniata_Vertebrata_Euteleostomi_Archelosauria_Archosauria_Dinosauria_Saurischia_Theropoda_Coelurosauria_Aves_Neognathae_Strigiformes_Tytonidae_Phodilus,826,172,107,845,0.423589743589744,0.0882051282051282,0.0548717948717949,0.433333333333333,,"TROPIC"
Phoenicurus_auroreus,Aves,Eukaryota_Metazoa_Chordata_Craniata_Vertebrata_Euteleostomi_Archelosauria_Archosauria_Dinosauria_Saurischia_Theropoda_Coelurosauria_Aves_Neognathae_Passeriformes_Muscicapidae_Phoenicurus,765,228,87,851,0.396167788710513,0.118073537027447,0.0450543759709995,0.440704298291041,,"FM"
Pica_pica,Aves,Eukaryota_Metazoa_Chordata_Craniata_Vertebrata_Euteleostomi_Archelosauria_Archosauria_Dinosauria_Saurischia_Theropoda_Coelurosauria_Aves_Neognathae_Passeriformes_Corvoidea_Corvidae_Pica,841,351,69,606,0.450455275843599,0.188002142474558,0.0369576861274772,0.324584895554365,,"WI"
Picoides_pubescens,Aves,Eukaryota_Metazoa_Chordata_Craniata_Vertebrata_Euteleostomi_Archelosauria_Archosauria_Dinosauria_Saurischia_Theropoda_Coelurosauria_Aves_Neognathae_Piciformes_Picidae_Picoides,668,343,71,935,0.331184928111056,0.170054536440258,0.0352007932573128,0.463559742191373,,"WI"
Pitta_nympha,Aves,Eukaryota_Metazoa_Chordata_Craniata_Vertebrata_Euteleostomi_Archelosauria_Archosauria_Dinosauria_Saurischia_Theropoda_Coelurosauria_Aves_Neognathae_Passeriformes_Pittidae_Pitta,774,256,44,855,0.401244167962675,0.132711249351996,0.0228097459823743,0.443234836702955,,"FM"
Polyplectron_germaini,Aves,Eukaryota_Metazoa_Chordata_Craniata_Vertebrata_Euteleostomi_Archelosauria_Archosauria_Dinosauria_Saurischia_Theropoda_Coelurosauria_Aves_Neognathae_Galloanserae_Galliformes_Phasianidae_Phasianinae_Polyplectron,765,272,113,842,0.384036144578313,0.136546184738956,0.0567269076305221,0.422690763052209,,"TROPIC"
Porphyrio_hochstetteri,Aves,Eukaryota_Metazoa_Chordata_Craniata_Vertebrata_Euteleostomi_Archelosauria_Archosauria_Dinosauria_Saurischia_Theropoda_Coelurosauria_Aves_Neognathae_Gruiformes_Rallidae_Porphyrio,877,195,93,700,0.470241286863271,0.10455764075067,0.0498659517426273,0.375335120643432,,"NF"
Primolius_maracana,Aves,Eukaryota_Metazoa_Chordata_Craniata_Vertebrata_Euteleostomi_Archelosauria_Archosauria_Dinosauria_Saurischia_Theropoda_Coelurosauria_Aves_Neognathae_Psittaciformes_Psittacidae_Primolius,778,281,117,755,0.402900051786639,0.145520455722424,0.0605903676851372,0.3909891248058,,"TROPIC"
Progne_chalybea,Aves,Eukaryota_Metazoa_Chordata_Craniata_Vertebrata_Euteleostomi_Archelosauria_Archosauria_Dinosauria_Saurischia_Theropoda_Coelurosauria_Aves_Neognathae_Passeriformes_Hirundinidae_Progne,811,207,114,790,0.421956295525494,0.107700312174818,0.0593132154006243,0.411030176899063,,"AI"
Prosthemadera_novaeseelandiae,Aves,Eukaryota_Metazoa_Chordata_Craniata_Vertebrata_Euteleostomi_Archelosauria_Archosauria_Dinosauria_Saurischia_Theropoda_Coelurosauria_Aves_Neognathae_Passeriformes_Meliphagidae_Prosthemadera,822,326,88,631,0.440278521692555,0.174611676486342,0.0471344402785217,0.337975361542582,,"TROPIC"
Prunella_montanella,Aves,Eukaryota_Metazoa_Chordata_Craniata_Vertebrata_Euteleostomi_Archelosauria_Archosauria_Dinosauria_Saurischia_Theropoda_Coelurosauria_Aves_Neognathae_Passeriformes_Passeroidea_Passeridae_Prunella,806,294,147,677,0.418918918918919,0.152806652806653,0.0764033264033264,0.351871101871102,,"FM"
Pseudoleistes_guirahuro,Aves,Eukaryota_Metazoa_Chordata_Craniata_Vertebrata_Euteleostomi_Archelosauria_Archosauria_Dinosauria_Saurischia_Theropoda_Coelurosauria_Aves_Neognathae_Passeriformes_Passeroidea_Icteridae_Pseudoleistes,813,252,89,777,0.421025375453133,0.130502330398757,0.046090108751942,0.402382185396168,,"TROPIC"
Pseudopodoces_humilis,Aves,Eukaryota_Metazoa_Chordata_Craniata_Vertebrata_Euteleostomi_Archelosauria_Archosauria_Dinosauria_Saurischia_Theropoda_Coelurosauria_Aves_Neognathae_Passeriformes_Paridae_Pseudopodoces,766,238,87,832,0.398335933437337,0.123764950598024,0.0452418096723869,0.432657306292252,,"HI"
Pterocnemia_pennata,Aves,Eukaryota_Metazoa_Chordata_Craniata_Vertebrata_Euteleostomi_Archelosauria_Archosauria_Dinosauria_Saurischia_Theropoda_Coelurosauria_Aves_Palaeognathae_Rheiformes_Rheidae_Pterocnemia,673,311,124,895,0.335996005991013,0.155267099350974,0.0619071392910634,0.44682975536695,,"NF"
Ptilopachus_petrosus,Aves,Eukaryota_Metazoa_Chordata_Craniata_Vertebrata_Euteleostomi_Archelosauria_Archosauria_Dinosauria_Saurischia_Theropoda_Coelurosauria_Aves_Neognathae_Galloanserae_Galliformes_Phasianidae_Perdicinae_Ptilopachus,852,342,46,687,0.442138038401661,0.177477944992216,0.0238713025428127,0.356512714063311,,"TROPIC"
Pycnonotus_melanicterus,Aves,Eukaryota_Metazoa_Chordata_Craniata_Vertebrata_Euteleostomi_Archelosauria_Archosauria_Dinosauria_Saurischia_Theropoda_Coelurosauria_Aves_Neognathae_Passeriformes_Pycnonotidae_Pycnonotus,837,261,47,694,0.455138662316476,0.141924959216966,0.0255573681348559,0.377379010331702,,"TROPIC"
Pycnonotus_taivanus,Aves,Eukaryota_Metazoa_Chordata_Craniata_Vertebrata_Euteleostomi_Archelosauria_Archosauria_Dinosauria_Saurischia_Theropoda_Coelurosauria_Aves_Neognathae_Passeriformes_Pycnonotidae_Pycnonotus,841,243,112,701,0.443331576172905,0.128096995255667,0.0590405904059041,0.369530838165525,,"TROPIC"
Pyrgilauda_blanfordi,Aves,Eukaryota_Metazoa_Chordata_Craniata_Vertebrata_Euteleostomi_Archelosauria_Archosauria_Dinosauria_Saurischia_Theropoda_Coelurosauria_Aves_Neognathae_Passeriformes_Passeroidea_Passeridae_Pyrgilauda,823,262,120,724,0.426645930533955,0.135821669258683,0.0622083981337481,0.375324002073613,,"HI"
Regulus_calendula,Aves,Eukaryota_Metazoa_Chordata_Craniata_Vertebrata_Euteleostomi_Archelosauria_Archosauria_Dinosauria_Saurischia_Theropoda_Coelurosauria_Aves_Neognathae_Passeriformes_Sylviidae_Regulus,852,285,77,626,0.46304347826087,0.154891304347826,0.0418478260869565,0.340217391304348,,"FM"
Regulus_regulus,Aves,Eukaryota_Metazoa_Chordata_Craniata_Vertebrata_Euteleostomi_Archelosauria_Archosauria_Dinosauria_Saurischia_Theropoda_Coelurosauria_Aves_Neognathae_Passeriformes_Sylviidae_Regulus,883,297,103,573,0.475754310344828,0.160021551724138,0.0554956896551724,0.308728448275862,,"WI"
Remiz_consobrinus,Aves,Eukaryota_Metazoa_Chordata_Craniata_Vertebrata_Euteleostomi_Archelosauria_Archosauria_Dinosauria_Saurischia_Theropoda_Coelurosauria_Aves_Neognathae_Passeriformes_Paridae_Remiz,678,113,114,1147,0.330409356725146,0.0550682261208577,0.0555555555555556,0.558966861598441,,"FM"
Rhea_americana,Aves,Eukaryota_Metazoa_Chordata_Craniata_Vertebrata_Euteleostomi_Archelosauria_Archosauria_Dinosauria_Saurischia_Theropoda_Coelurosauria_Aves_Palaeognathae_Rheiformes_Rheidae_Rhea,695,323,126,878,0.343719090009891,0.159742828882295,0.0623145400593472,0.434223541048467,,"NF"
Rhynochetos_jubatus,Aves,Eukaryota_Metazoa_Chordata_Craniata_Vertebrata_Euteleostomi_Archelosauria_Archosauria_Dinosauria_Saurischia_Theropoda_Coelurosauria_Aves_Neognathae_Gruiformes_Rhynochetidae_Rhynochetos,760,340,72,734,0.398740818467996,0.178384050367261,0.0377754459601259,0.385099685204617,,"TROPIC"
Saundersilarus_saundersi,Aves,Eukaryota_Metazoa_Chordata_Craniata_Vertebrata_Euteleostomi_Archelosauria_Archosauria_Dinosauria_Saurischia_Theropoda_Coelurosauria_Aves_Neognathae_Charadriiformes_Laridae_Saundersilarus,788,281,110,731,0.412565445026178,0.147120418848168,0.0575916230366492,0.382722513089005,,"AI"
Scolopax_rusticola,Aves,Eukaryota_Metazoa_Chordata_Craniata_Vertebrata_Euteleostomi_Archelosauria_Archosauria_Dinosauria_Saurischia_Theropoda_Coelurosauria_Aves_Neognathae_Charadriiformes_Scolopacidae_Scolopax,830,288,65,673,0.447198275862069,0.155172413793103,0.0350215517241379,0.36260775862069,,"FM"
Spizixos_semitorques,Aves,Eukaryota_Metazoa_Chordata_Craniata_Vertebrata_Euteleostomi_Archelosauria_Archosauria_Dinosauria_Saurischia_Theropoda_Coelurosauria_Aves_Neognathae_Passeriformes_Pycnonotidae_Spizixos,837,289,61,665,0.451943844492441,0.156047516198704,0.0329373650107991,0.359071274298056,,"TROPIC"
Stercorarius_maccormicki,Aves,Eukaryota_Metazoa_Chordata_Craniata_Vertebrata_Euteleostomi_Archelosauria_Archosauria_Dinosauria_Saurischia_Theropoda_Coelurosauria_Aves_Neognathae_Charadriiformes_Stercorariidae_Stercorarius,820,311,74,688,0.433174854727945,0.164289487585843,0.0390913893291072,0.363444268357105,,"AI"
Sternula_albifrons,Aves,Eukaryota_Metazoa_Chordata_Craniata_Vertebrata_Euteleostomi_Archelosauria_Archosauria_Dinosauria_Saurischia_Theropoda_Coelurosauria_Aves_Neognathae_Charadriiformes_Laridae_Sternula,820,405,56,594,0.437333333333333,0.216,0.0298666666666667,0.3168,,"AI"
Streptopelia_chinensis,Aves,Eukaryota_Metazoa_Chordata_Craniata_Vertebrata_Euteleostomi_Archelosauria_Archosauria_Dinosauria_Saurischia_Theropoda_Coelurosauria_Aves_Neognathae_Columbiformes_Columbidae_Streptopelia,744,278,86,824,0.385093167701863,0.143892339544513,0.0445134575569358,0.426501035196687,,"TROPIC"
Struthio_camelus,Aves,Eukaryota_Metazoa_Chordata_Craniata_Vertebrata_Euteleostomi_Archelosauria_Archosauria_Dinosauria_Saurischia_Theropoda_Coelurosauria_Aves_Palaeognathae_Struthioniformes_Struthionidae_Struthio,792,297,123,722,0.409513960703206,0.153567735263702,0.0635987590486039,0.373319544984488,,"NF"
Sturnus_nigricollis,Aves,Eukaryota_Metazoa_Chordata_Craniata_Vertebrata_Euteleostomi_Archelosauria_Archosauria_Dinosauria_Saurischia_Theropoda_Coelurosauria_Aves_Neognathae_Passeriformes_Sturnidae_Sturnus,831,183,90,783,0.440381558028617,0.0969793322734499,0.0476947535771065,0.414944356120827,,"TROPIC"
Sturnus_vulgaris,Aves,Eukaryota_Metazoa_Chordata_Craniata_Vertebrata_Euteleostomi_Archelosauria_Archosauria_Dinosauria_Saurischia_Theropoda_Coelurosauria_Aves_Neognathae_Passeriformes_Sturnidae_Sturnus,772,204,137,821,0.399172699069286,0.105480868665977,0.0708376421923475,0.424508790072389,,"FM"
Sylvia_atricapilla,Aves,Eukaryota_Metazoa_Chordata_Craniata_Vertebrata_Euteleostomi_Archelosauria_Archosauria_Dinosauria_Saurischia_Theropoda_Coelurosauria_Aves_Neognathae_Passeriformes_Sylviidae_Sylviinae_Sylvia,840,329,75,629,0.448478376935398,0.175654030966364,0.0400427122263748,0.335824879871863,,"FM"
Sylvia_crassirostris,Aves,Eukaryota_Metazoa_Chordata_Craniata_Vertebrata_Euteleostomi_Archelosauria_Archosauria_Dinosauria_Saurischia_Theropoda_Coelurosauria_Aves_Neognathae_Passeriformes_Sylviidae_Sylviinae_Sylvia,833,250,88,773,0.428497942386831,0.128600823045267,0.0452674897119342,0.397633744855967,,"FM"
Synthliboramphus_antiquus,Aves,Eukaryota_Metazoa_Chordata_Craniata_Vertebrata_Euteleostomi_Archelosauria_Archosauria_Dinosauria_Saurischia_Theropoda_Coelurosauria_Aves_Neognathae_Charadriiformes_Alcidae_Synthliboramphus,813,325,58,695,0.42993125330513,0.171866737176097,0.0306716023268112,0.367530407191962,,"DI"
Synthliboramphus_wumizusume,Aves,Eukaryota_Metazoa_Chordata_Craniata_Vertebrata_Euteleostomi_Archelosauria_Archosauria_Dinosauria_Saurischia_Theropoda_Coelurosauria_Aves_Neognathae_Charadriiformes_Alcidae_Synthliboramphus,812,328,67,699,0.426023084994753,0.17208814270724,0.0351521511017838,0.366736621196222,,"DI"
Syrmaticus_ellioti,Aves,Eukaryota_Metazoa_Chordata_Craniata_Vertebrata_Euteleostomi_Archelosauria_Archosauria_Dinosauria_Saurischia_Theropoda_Coelurosauria_Aves_Neognathae_Galloanserae_Galliformes_Phasianidae_Phasianinae_Syrmaticus,802,337,64,744,0.411915767847971,0.173086800205444,0.0328710837185413,0.382126348228043,,"TROPIC"
Tachycineta_albilinea,Aves,Eukaryota_Metazoa_Chordata_Craniata_Vertebrata_Euteleostomi_Archelosauria_Archosauria_Dinosauria_Saurischia_Theropoda_Coelurosauria_Aves_Neognathae_Passeriformes_Hirundinidae_Tachycineta,804,199,92,810,0.422047244094488,0.104461942257218,0.0482939632545932,0.425196850393701,,"AI"
Tachycineta_albiventer,Aves,Eukaryota_Metazoa_Chordata_Craniata_Vertebrata_Euteleostomi_Archelosauria_Archosauria_Dinosauria_Saurischia_Theropoda_Coelurosauria_Aves_Neognathae_Passeriformes_Hirundinidae_Tachycineta,820,209,72,810,0.429094714809001,0.109366823652538,0.0376766091051805,0.423861852433281,,"AI"
Tachycineta_bicolor,Aves,Eukaryota_Metazoa_Chordata_Craniata_Vertebrata_Euteleostomi_Archelosauria_Archosauria_Dinosauria_Saurischia_Theropoda_Coelurosauria_Aves_Neognathae_Passeriformes_Hirundinidae_Tachycineta,832,216,75,794,0.434011476264997,0.112676056338028,0.0391236306729265,0.414188836724048,,"AI"
Tachycineta_cyaneoviridis,Aves,Eukaryota_Metazoa_Chordata_Craniata_Vertebrata_Euteleostomi_Archelosauria_Archosauria_Dinosauria_Saurischia_Theropoda_Coelurosauria_Aves_Neognathae_Passeriformes_Hirundinidae_Tachycineta,832,232,82,750,0.438818565400844,0.122362869198312,0.0432489451476793,0.395569620253165,,"AI"
Tachycineta_euchrysea,Aves,Eukaryota_Metazoa_Chordata_Craniata_Vertebrata_Euteleostomi_Archelosauria_Archosauria_Dinosauria_Saurischia_Theropoda_Coelurosauria_Aves_Neognathae_Passeriformes_Hirundinidae_Tachycineta,817,208,73,795,0.431590068674062,0.109878499735869,0.0385631273111463,0.419968304278922,,"AI"
Tachycineta_leucorrhoa,Aves,Eukaryota_Metazoa_Chordata_Craniata_Vertebrata_Euteleostomi_Archelosauria_Archosauria_Dinosauria_Saurischia_Theropoda_Coelurosauria_Aves_Neognathae_Passeriformes_Hirundinidae_Tachycineta,821,203,77,803,0.431197478991597,0.106617647058824,0.0404411764705882,0.421743697478992,,"AI"
Tachycineta_meyeni,Aves,Eukaryota_Metazoa_Chordata_Craniata_Vertebrata_Euteleostomi_Archelosauria_Archosauria_Dinosauria_Saurischia_Theropoda_Coelurosauria_Aves_Neognathae_Passeriformes_Hirundinidae_Tachycineta,815,197,71,818,0.42872172540768,0.103629668595476,0.0373487638085218,0.430299842188322,,"AI"
Tachycineta_stolzmanni,Aves,Eukaryota_Metazoa_Chordata_Craniata_Vertebrata_Euteleostomi_Archelosauria_Archosauria_Dinosauria_Saurischia_Theropoda_Coelurosauria_Aves_Neognathae_Passeriformes_Hirundinidae_Tachycineta,794,234,95,788,0.41548927263213,0.122448979591837,0.0497121925693354,0.412349555206698,,"AI"
Tachycineta_thalassina,Aves,Eukaryota_Metazoa_Chordata_Craniata_Vertebrata_Euteleostomi_Archelosauria_Archosauria_Dinosauria_Saurischia_Theropoda_Coelurosauria_Aves_Neognathae_Passeriformes_Hirundinidae_Tachycineta,809,232,95,785,0.421134825611661,0.120770432066632,0.0494534096824571,0.40864133263925,,"AI"
Tadorna_ferruginea,Aves,Eukaryota_Metazoa_Chordata_Craniata_Vertebrata_Euteleostomi_Archelosauria_Archosauria_Dinosauria_Saurischia_Theropoda_Coelurosauria_Aves_Neognathae_Galloanserae_Anseriformes_Anatidae_Tadorna,790,172,154,843,0.40326697294538,0.0877998979070955,0.0786115364982134,0.430321592649311,,"FM"
Tetraogallus_himalayensis,Aves,Eukaryota_Metazoa_Chordata_Craniata_Vertebrata_Euteleostomi_Archelosauria_Archosauria_Dinosauria_Saurischia_Theropoda_Coelurosauria_Aves_Neognathae_Galloanserae_Galliformes_Phasianidae_Perdicinae_Tetraogallus,804,246,86,843,0.406265790803436,0.124305204648813,0.0434562910560889,0.425972713491662,,"WI"
Tetraogallus_himalayensis,Aves,Eukaryota_Metazoa_Chordata_Craniata_Vertebrata_Euteleostomi_Archelosauria_Archosauria_Dinosauria_Saurischia_Theropoda_Coelurosauria_Aves_Neognathae_Galloanserae_Galliformes_Phasianidae_Perdicinae_Tetraogallus,804,246,86,843,0.406265790803436,0.124305204648813,0.0434562910560889,0.425972713491662,,"HI"
Tetraogallus_tibetanus,Aves,Eukaryota_Metazoa_Chordata_Craniata_Vertebrata_Euteleostomi_Archelosauria_Archosauria_Dinosauria_Saurischia_Theropoda_Coelurosauria_Aves_Neognathae_Galloanserae_Galliformes_Phasianidae_Perdicinae_Tetraogallus,807,254,80,830,0.409436834094368,0.128868594622019,0.0405885337392187,0.421106037544394,,"HI"
Tetraogallus_tibetanus,Aves,Eukaryota_Metazoa_Chordata_Craniata_Vertebrata_Euteleostomi_Archelosauria_Archosauria_Dinosauria_Saurischia_Theropoda_Coelurosauria_Aves_Neognathae_Galloanserae_Galliformes_Phasianidae_Perdicinae_Tetraogallus,807,254,80,830,0.409436834094368,0.128868594622019,0.0405885337392187,0.421106037544394,,"WI"
Tetraophasis_obscurus,Aves,Eukaryota_Metazoa_Chordata_Craniata_Vertebrata_Euteleostomi_Archelosauria_Archosauria_Dinosauria_Saurischia_Theropoda_Coelurosauria_Aves_Neognathae_Galloanserae_Galliformes_Phasianidae_Perdicinae_Tetraophasis,800,269,65,808,0.411946446961895,0.138516992790937,0.033470648815654,0.416065911431514,,"HI"
Tetraophasis_szechenyii,Aves,Eukaryota_Metazoa_Chordata_Craniata_Vertebrata_Euteleostomi_Archelosauria_Archosauria_Dinosauria_Saurischia_Theropoda_Coelurosauria_Aves_Neognathae_Galloanserae_Galliformes_Phasianidae_Perdicinae_Tetraophasis,797,266,75,810,0.409137577002053,0.136550308008214,0.0385010266940452,0.415811088295688,,"HI"
Tetrastes_bonasia,Aves,Eukaryota_Metazoa_Chordata_Craniata_Vertebrata_Euteleostomi_Archelosauria_Archosauria_Dinosauria_Saurischia_Theropoda_Coelurosauria_Aves_Neognathae_Galloanserae_Galliformes_Phasianidae_Tetraoninae_Tetrastes,807,352,71,729,0.411944869831547,0.179683511995916,0.0362429811128127,0.372128637059724,,"WI"
Tetrastes_sewerzowi,Aves,Eukaryota_Metazoa_Chordata_Craniata_Vertebrata_Euteleostomi_Archelosauria_Archosauria_Dinosauria_Saurischia_Theropoda_Coelurosauria_Aves_Neognathae_Galloanserae_Galliformes_Phasianidae_Tetraoninae_Tetrastes,794,362,67,739,0.404689092762487,0.184505606523955,0.0341488277268094,0.376656472986748,,"HI"
Tinamus_guttatus,Aves,Eukaryota_Metazoa_Chordata_Craniata_Vertebrata_Euteleostomi_Archelosauria_Archosauria_Dinosauria_Saurischia_Theropoda_Coelurosauria_Aves_Palaeognathae_Tinamiformes_Tinamidae_Tinamus,737,404,52,681,0.393276414087513,0.215581643543223,0.0277481323372465,0.363393810032017,,"NF"
Tinamus_major,Aves,Eukaryota_Metazoa_Chordata_Craniata_Vertebrata_Euteleostomi_Archelosauria_Archosauria_Dinosauria_Saurischia_Theropoda_Coelurosauria_Aves_Palaeognathae_Tinamiformes_Tinamidae_Tinamus,737,401,61,688,0.390567037625861,0.21250662427133,0.03232644409115,0.364599894011659,,"NF"
Tragopan_caboti,Aves,Eukaryota_Metazoa_Chordata_Craniata_Vertebrata_Euteleostomi_Archelosauria_Archosauria_Dinosauria_Saurischia_Theropoda_Coelurosauria_Aves_Neognathae_Galloanserae_Galliformes_Phasianidae_Phasianinae_Tragopan,818,275,90,775,0.417773237997957,0.140449438202247,0.0459652706843718,0.395812053115424,,"TROPIC"
Tregellasia_leucops,Aves,Eukaryota_Metazoa_Chordata_Craniata_Vertebrata_Euteleostomi_Archelosauria_Archosauria_Dinosauria_Saurischia_Theropoda_Coelurosauria_Aves_Neognathae_Passeriformes_Petroicidae_Tregellasia,799,247,134,767,0.410374935798665,0.126861838726246,0.0688238315356959,0.393939393939394,,"TROPIC"
Tringa_erythropus,Aves,Eukaryota_Metazoa_Chordata_Craniata_Vertebrata_Euteleostomi_Archelosauria_Archosauria_Dinosauria_Saurischia_Theropoda_Coelurosauria_Aves_Neognathae_Charadriiformes_Scolopacidae_Tringa,834,299,45,689,0.446705945366899,0.160149973219068,0.0241028387787895,0.369041242635244,,"FM"
Trogon_viridis,Aves,Eukaryota_Metazoa_Chordata_Craniata_Vertebrata_Euteleostomi_Archelosauria_Archosauria_Dinosauria_Saurischia_Theropoda_Coelurosauria_Aves_Neognathae_Trogoniformes_Trogonidae_Trogon,825,401,83,594,0.433526011560694,0.210719915922228,0.0436153441933789,0.312138728323699,,"TROPIC"
Turdus_eunomus,Aves,Eukaryota_Metazoa_Chordata_Craniata_Vertebrata_Euteleostomi_Archelosauria_Archosauria_Dinosauria_Saurischia_Theropoda_Coelurosauria_Aves_Neognathae_Passeriformes_Turdidae_Turdus,764,229,109,853,0.39079283887468,0.117135549872123,0.0557544757033248,0.436317135549872,,"FM"
Turdus_hortulorum,Aves,Eukaryota_Metazoa_Chordata_Craniata_Vertebrata_Euteleostomi_Archelosauria_Archosauria_Dinosauria_Saurischia_Theropoda_Coelurosauria_Aves_Neognathae_Passeriformes_Turdidae_Turdus,739,220,123,863,0.379948586118252,0.113110539845758,0.0632390745501285,0.443701799485861,,"FM"
Urocissa_erythrorhyncha,Aves,Eukaryota_Metazoa_Chordata_Craniata_Vertebrata_Euteleostomi_Archelosauria_Archosauria_Dinosauria_Saurischia_Theropoda_Coelurosauria_Aves_Neognathae_Passeriformes_Corvoidea_Corvidae_Urocissa,851,296,89,635,0.454836985569214,0.15820416889364,0.0475681453768039,0.339390700160342,,"TROPIC"
Vanellus_cinereus,Aves,Eukaryota_Metazoa_Chordata_Craniata_Vertebrata_Euteleostomi_Archelosauria_Archosauria_Dinosauria_Saurischia_Theropoda_Coelurosauria_Aves_Neognathae_Charadriiformes_Charadriidae_Vanellus,821,245,63,744,0.438334223171383,0.130806193272824,0.0336358782701548,0.397223705285638,,"FM"
Vidua_chalybeata,Aves,Eukaryota_Metazoa_Chordata_Craniata_Vertebrata_Euteleostomi_Archelosauria_Archosauria_Dinosauria_Saurischia_Theropoda_Coelurosauria_Aves_Neognathae_Passeriformes_Passeroidea_Estrildidae_Viduinae_Vidua,937,197,107,641,0.497874601487779,0.104675876726886,0.0568544102019129,0.340595111583422,,"TROPIC"
Xanthopsar_flavus,Aves,Eukaryota_Metazoa_Chordata_Craniata_Vertebrata_Euteleostomi_Archelosauria_Archosauria_Dinosauria_Saurischia_Theropoda_Coelurosauria_Aves_Neognathae_Passeriformes_Passeroidea_Icteridae_Xanthopsar,799,260,90,791,0.411855670103093,0.134020618556701,0.0463917525773196,0.407731958762887,,"TROPIC"
Zosterops_erythropleurus,Aves,Eukaryota_Metazoa_Chordata_Craniata_Vertebrata_Euteleostomi_Archelosauria_Archosauria_Dinosauria_Saurischia_Theropoda_Coelurosauria_Aves_Neognathae_Passeriformes_Zosteropidae_Zosterops,856,316,68,663,0.449816079873883,0.166053599579611,0.0357330530740935,0.348397267472412,,"FM"
