"","Species","Orders"
"1","Acanthisitta chloris","Passeriformes"
"13","Acanthorhynchus tenuirostris","Passeriformes"
"25","Accipiter gentilis","Accipitriformes"
"37","Accipiter nisus","Accipitriformes"
"49","Accipiter trivirgatus","Accipitriformes"
"61","Accipiter virgatus","Accipitriformes"
"73","Aceros waldeni","Bucerotiformes"
"85","Acridotheres cristatellus","Passeriformes"
"97","Acridotheres tristis","Passeriformes"
"109","Acrocephalus scirpaceus","Passeriformes"
"121","Acryllium vulturinum","Galliformes"
"133","Aegithalos fuliginosus","Passeriformes"
"145","Aegotheles bennettii","Caprimulgiformes"
"157","Aegotheles cristatus","Caprimulgiformes"
"169","Aethia cristatella","Charadriiformes"
"181","Aethopyga gouldiae","Passeriformes"
"193","Agapornis lilianae","Psittaciformes"
"205","Agapornis nigrigenis","Psittaciformes"
"217","Agapornis pullarius","Psittaciformes"
"229","Agapornis roseicollis","Psittaciformes"
"241","Agelaioides badius","Passeriformes"
"253","Agelaius phoeniceus","Passeriformes"
"265","Agelasticus cyanopus","Passeriformes"
"277","Agelasticus thilius","Passeriformes"
"289","Agelasticus xanthophthalmus","Passeriformes"
"301","Aix galericulata","Anseriformes"
"313","Alauda arvensis","Passeriformes"
"325","Alcedo atthis","Coraciiformes"
"337","Aleadryas rufinucha","Passeriformes"
"349","Alectoris chukar","Galliformes"
"361","Alectura lathami","Galliformes"
"373","Amaurornis akool","Gruiformes"
"385","Amaurornis phoenicurus","Gruiformes"
"397","Amazilia brevirostris","Apodiformes"
"409","Amazilia versicolor","Apodiformes"
"421","Amazona aestiva","Psittaciformes"
"433","Amazona guildingii","Psittaciformes"
"445","Amazona ochrocephala","Psittaciformes"
"457","Amazona ventralis","Psittaciformes"
"469","Amblyramphus holosericeus","Passeriformes"
"481","Anas acuta","Anseriformes"
"493","Anas crecca","Anseriformes"
"505","Anas platyrhynchos","Anseriformes"
"517","Anas poecilorhyncha","Anseriformes"
"529","Anhinga melanogaster","Pelecaniformes"
"541","Anser albifrons","Anseriformes"
"553","Anser anser","Anseriformes"
"565","Anser cygnoides","Anseriformes"
"577","Anser indicus","Anseriformes"
"589","Anseranas semipalmata","Anseriformes"
"601","Anthoscopus minutus","Passeriformes"
"613","Anthracoceros coronatus","Bucerotiformes"
"625","Anthus novaeseelandiae","Passeriformes"
"637","Aphelocoma coerulescens","Passeriformes"
"649","Aptenodytes forsteri","Sphenisciformes"
"661","Aptenodytes patagonicus","Sphenisciformes"
"673","Apteryx haastii","Apterygiformes"
"685","Apus apus","Apodiformes"
"697","Aquila chrysaetos","Accipitriformes"
"709","Aquila heliaca","Accipitriformes"
"721","Aquila nipalensis","Accipitriformes"
"733","Ara ararauna","Psittaciformes"
"745","Ara chloropterus","Psittaciformes"
"757","Ara glaucogularis","Psittaciformes"
"769","Ara macao","Psittaciformes"
"781","Ara militaris","Psittaciformes"
"793","Aramus guarauna","Gruiformes"
"805","Aratinga solstitialis","Psittaciformes"
"817","Arborophila ardens","Galliformes"
"829","Arborophila brunneopectus","Galliformes"
"841","Arborophila rufipectus","Galliformes"
"853","Arborophila rufogularis","Galliformes"
"865","Archilochus colubris","Apodiformes"
"877","Ardea cinerea","Pelecaniformes"
"889","Ardea insignis","Pelecaniformes"
"901","Ardea purpurea","Pelecaniformes"
"913","Ardeola bacchus","Pelecaniformes"
"925","Ardeotis kori","Gruiformes"
"937","Arenaria interpres","Charadriiformes"
"949","Arremon aurantiirostris","Passeriformes"
"961","Artamus cinereus","Passeriformes"
"973","Asio flammeus","Strigiformes"
"985","Asio otus","Strigiformes"
"997","Atlantisia rogersi","Gruiformes"
"1009","Atrichornis clamosus","Passeriformes"
"1021","Aythya americana","Anseriformes"
"1033","Aythya baeri","Anseriformes"
"1045","Aythya ferina","Anseriformes"
"1057","Aythya fuligula","Anseriformes"
"1069","Balearica pavonina","Gruiformes"
"1081","Balearica regulorum","Gruiformes"
"1093","Bambusicola fytchii","Galliformes"
"1105","Bambusicola thoracicus","Galliformes"
"1117","Bombycilla garrulus","Passeriformes"
"1129","Botaurus stellaris","Pelecaniformes"
"1141","Brachypteracias leptosomus","Coraciiformes"
"1153","Branta canadensis","Anseriformes"
"1165","Brotogeris cyanoptera","Psittaciformes"
"1177","Bubo bubo","Strigiformes"
"1189","Bubulcus ibis","Pelecaniformes"
"1201","Bucco capensis","Galbuliformes"
"1213","Buceros bicornis","Bucerotiformes"
"1225","Buphagus erythrorhynchus","Passeriformes"
"1237","Burhinus bistriatus","Charadriiformes"
"1249","Buteo buteo","Accipitriformes"
"1261","Butorides striata","Pelecaniformes"
"1273","Bycanistes brevis","Bucerotiformes"
"1285","Cacatua moluccensis","Psittaciformes"
"1297","Cacatua pastinator","Psittaciformes"
"1309","Cairina moschata","Anseriformes"
"1321","Calandrella cinerea","Passeriformes"
"1333","Calcarius ornatus","Passeriformes"
"1345","Calidris ruficollis","Charadriiformes"
"1357","Calidris tenuirostris","Charadriiformes"
"1369","Callaeas cinereus","Passeriformes"
"1381","Callipepla squamata","Galliformes"
"1393","Calliphlox amethystina","Apodiformes"
"1405","Caloenas nicobarica","Columbiformes"
"1417","Caloperdix oculeus","Galliformes"
"1429","Calyptorhynchus lathami","Psittaciformes"
"1441","Campephilus guatemalensis","Piciformes"
"1453","Campephilus imperialis","Piciformes"
"1465","Campylorhamphus procurvoides","Passeriformes"
"1477","Campylorhynchus brunneicapillus","Passeriformes"
"1489","Campylorhynchus zonatus","Passeriformes"
"1501","Caracara cheriway","Falconiformes"
"1513","Caracara plancus","Falconiformes"
"1525","Cardinalis cardinalis","Passeriformes"
"1537","Carpodacus erythrinus","Passeriformes"
"1549","Carpodacus pulcherrimus","Passeriformes"
"1561","Carpodacus roseus","Passeriformes"
"1573","Carpodacus rubicilloides","Passeriformes"
"1585","Casuarius casuarius","Casuariiformes"
"1597","Cathartes aura","Accipitriformes"
"1609","Catharus fuscescens","Passeriformes"
"1621","Centropus bengalensis","Cuculiformes"
"1633","Centropus unirufus","Cuculiformes"
"1645","Cephalopterus ornatus","Passeriformes"
"1657","Certhia brachydactyla","Passeriformes"
"1669","Certhia himalayana","Passeriformes"
"1681","Ceryle rudis","Coraciiformes"
"1693","Ceuthmochares aereus","Cuculiformes"
"1705","Chaetops frenatus","Passeriformes"
"1717","Chaetorhynchus papuensis","Passeriformes"
"1729","Chaetura pelagica","Apodiformes"
"1741","Charadrius alexandrinus","Charadriiformes"
"1753","Charadrius vociferus","Charadriiformes"
"1765","Chauna torquata","Anseriformes"
"1777","Chloroceryle aenea","Coraciiformes"
"1789","Chlorophanes spiza","Passeriformes"
"1801","Chloropsis cyanopogon","Passeriformes"
"1813","Chloropsis hardwickii","Passeriformes"
"1825","Chrysolampis mosquitus","Apodiformes"
"1837","Chrysolophus amherstiae","Galliformes"
"1849","Chrysolophus pictus","Galliformes"
"1861","Chrysomus icterocephalus","Passeriformes"
"1873","Chrysomus ruficapillus","Passeriformes"
"1885","Ciconia boyciana","Ciconiiformes"
"1897","Ciconia ciconia","Ciconiiformes"
"1909","Ciconia nigra","Ciconiiformes"
"1921","Cinclosoma castanotum","Passeriformes"
"1933","Cinclosoma punctatum","Passeriformes"
"1945","Cinclus mexicanus","Passeriformes"
"1957","Circaetus pectoralis","Accipitriformes"
"1969","Circus melanoleucos","Accipitriformes"
"1981","Climacteris rufus","Passeriformes"
"1993","Cnemophilus loriae","Passeriformes"
"2005","Cnemotriccus fuscatus","Passeriformes"
"2017","Coccothraustes coccothraustes","Passeriformes"
"2029","Colinus virginianus","Galliformes"
"2041","Colius striatus","Coliiformes"
"2053","Columba hodgsonii","Columbiformes"
"2065","Columba livia","Columbiformes"
"2077","Columba rupestris","Columbiformes"
"2089","Copsychus saularis","Passeriformes"
"2101","Coracopsis vasa","Psittaciformes"
"2113","Corvus brachyrhynchos","Passeriformes"
"2125","Corvus corax","Passeriformes"
"2137","Corvus coronoides","Passeriformes"
"2149","Corvus cryptoleucus","Passeriformes"
"2161","Corvus dauuricus","Passeriformes"
"2173","Corvus frugilegus","Passeriformes"
"2185","Corvus hawaiiensis","Passeriformes"
"2197","Corvus macrorhynchos","Passeriformes"
"2209","Corvus moneduloides","Passeriformes"
"2221","Corvus splendens","Passeriformes"
"2233","Corythaixoides concolor","Musophagiformes"
"2245","Cossypha semirufa","Passeriformes"
"2257","Coturnicops exquisitus","Gruiformes"
"2269","Coturnix chinensis","Galliformes"
"2281","Coturnix japonica","Galliformes"
"2293","Crax daubentoni","Galliformes"
"2305","Crax rubra","Galliformes"
"2317","Crossoptilon auritum","Galliformes"
"2329","Crossoptilon crossoptilon","Galliformes"
"2341","Crossoptilon harmani","Galliformes"
"2353","Crossoptilon mantchuricum","Galliformes"
"2365","Crotophaga sulcirostris","Cuculiformes"
"2377","Crypturellus cinnamomeus","Tinamiformes"
"2389","Crypturellus soui","Tinamiformes"
"2401","Crypturellus undulatus","Tinamiformes"
"2413","Cuculus poliocephalus","Cuculiformes"
"2425","Culicicapa ceylonensis","Passeriformes"
"2437","Curaeus curaeus","Passeriformes"
"2449","Cyanopica cyanus","Passeriformes"
"2461","Cyanoptila cyanomelana","Passeriformes"
"2473","Cygnus atratus","Anseriformes"
"2485","Cygnus columbianus","Anseriformes"
"2497","Cygnus cygnus","Anseriformes"
"2509","Cygnus olor","Anseriformes"
"2521","Cypseloides fumigatus","Apodiformes"
"2533","Daphoenositta chrysoptera","Passeriformes"
"2545","Daption capense","Procellariiformes"
"2557","Dasyornis broadbenti","Passeriformes"
"2569","Delichon urbicum","Passeriformes"
"2581","Dendrocitta formosae","Passeriformes"
"2593","Dendrocopos darjellensis","Piciformes"
"2605","Dendrocopos leucotos","Piciformes"
"2617","Dendrocopos major","Piciformes"
"2629","Dendrocygna javanica","Anseriformes"
"2641","Dicaeum agile","Passeriformes"
"2653","Dicaeum concolor","Passeriformes"
"2665","Dicaeum eximium","Passeriformes"
"2677","Dicrurus hottentottus","Passeriformes"
"2689","Dicrurus macrocercus","Passeriformes"
"2701","Dicrurus megarhynchus","Passeriformes"
"2713","Didunculus strigirostris","Columbiformes"
"2725","Diopsittaca nobilis","Psittaciformes"
"2737","Dives dives","Passeriformes"
"2749","Dromaius novaehollandiae","Casuariiformes"
"2761","Drymodes brunneopygia","Passeriformes"
"2773","Dryocopus pileatus","Piciformes"
"2785","Dryoscopus gambensis","Passeriformes"
"2797","Eclectus roratus","Psittaciformes"
"2809","Egretta eulophotes","Pelecaniformes"
"2821","Egretta garzetta","Pelecaniformes"
"2833","Egretta sacra","Pelecaniformes"
"2845","Emberiza aureola","Passeriformes"
"2857","Emberiza chrysophrys","Passeriformes"
"2869","Emberiza cioides","Passeriformes"
"2881","Emberiza elegans","Passeriformes"
"2893","Emberiza fucata","Passeriformes"
"2905","Emberiza jankowskii","Passeriformes"
"2917","Emberiza leucocephalos","Passeriformes"
"2929","Emberiza pusilla","Passeriformes"
"2941","Emberiza rustica","Passeriformes"
"2953","Emberiza rutila","Passeriformes"
"2965","Emberiza spodocephala","Passeriformes"
"2977","Emberiza tristrami","Passeriformes"
"2989","Eophona migratoria","Passeriformes"
"3001","Eopsaltria australis","Passeriformes"
"3013","Eopsaltria georgiana","Passeriformes"
"3025","Epthianura albifrons","Passeriformes"
"3037","Eremophila alpestris","Passeriformes"
"3049","Erpornis zantholeuca","Passeriformes"
"3061","Erythrocercus mccallii","Passeriformes"
"3073","Eudocimus ruber","Pelecaniformes"
"3085","Eudromia elegans","Tinamiformes"
"3097","Eudyptes chrysocome","Sphenisciformes"
"3109","Eudyptes chrysolophus","Sphenisciformes"
"3121","Eudyptula minor","Sphenisciformes"
"3133","Eulacestoma nigropectus","Passeriformes"
"3145","Euphagus cyanocephalus","Passeriformes"
"3157","Eurystomus gularis","Coraciiformes"
"3169","Eurystomus orientalis","Coraciiformes"
"3181","Falco amurensis","Falconiformes"
"3193","Falco cherrug","Falconiformes"
"3205","Falco columbarius","Falconiformes"
"3217","Falco naumanni","Falconiformes"
"3229","Falco peregrinus","Falconiformes"
"3241","Falco rusticolus","Falconiformes"
"3253","Falco sparverius","Falconiformes"
"3265","Falco subbuteo","Falconiformes"
"3277","Falco tinnunculus","Falconiformes"
"3289","Falcunculus frontatus","Passeriformes"
"3301","Ficedula albicollis","Passeriformes"
"3313","Ficedula zanthopygia","Passeriformes"
"3325","Florisuga fusca","Apodiformes"
"3337","Florisuga mellivora","Apodiformes"
"3349","Formicarius rufipectus","Passeriformes"
"3361","Forpus passerinus","Psittaciformes"
"3373","Francolinus pintadeanus","Galliformes"
"3385","Fregata magnificens","Pelecaniformes"
"3397","Fringilla coelebs","Passeriformes"
"3409","Fringilla montifringilla","Passeriformes"
"3421","Furnarius figulus","Passeriformes"
"3433","Gallicrex cinerea","Gruiformes"
"3445","Gallinago stenura","Charadriiformes"
"3457","Gallinula chloropus","Gruiformes"
"3469","Gallirallus striatus","Gruiformes"
"3481","Gallus gallus","Galliformes"
"3493","Gallus sonneratii","Galliformes"
"3505","Gallus varius","Galliformes"
"3517","Garrulax albogularis","Passeriformes"
"3529","Garrulax canorus","Passeriformes"
"3541","Garrulax formosus","Passeriformes"
"3553","Garrulax perspicillatus","Passeriformes"
"3565","Garrulax poecilorhynchus","Passeriformes"
"3577","Garrulax sannio","Passeriformes"
"3589","Garrulus glandarius","Passeriformes"
"3601","Gavia pacifica","Gaviiformes"
"3613","Gavia stellata","Gaviiformes"
"3625","Geococcyx californianus","Cuculiformes"
"3637","Geopelia cuneata","Columbiformes"
"3649","Geospiza magnirostris","Passeriformes"
"3661","Geotrygon violacea","Columbiformes"
"3673","Gerygone igata","Passeriformes"
"3685","Glaucidium cuculoides","Strigiformes"
"3697","Glaucis hirsutus","Apodiformes"
"3709","Gnorimopsar chopi","Passeriformes"
"3721","Goura cristata","Columbiformes"
"3733","Goura scheepmakeri","Columbiformes"
"3745","Goura victoria","Columbiformes"
"3757","Gracula religiosa","Passeriformes"
"3769","Grallaria varia","Passeriformes"
"3781","Grantiella picta","Passeriformes"
"3793","Grus americana","Gruiformes"
"3805","Grus carunculatus","Gruiformes"
"3817","Grus grus","Gruiformes"
"3829","Grus japonensis","Gruiformes"
"3841","Grus leucogeranus","Gruiformes"
"3853","Grus monacha","Gruiformes"
"3865","Grus nigricollis","Gruiformes"
"3877","Grus paradisea","Gruiformes"
"3889","Grus virgo","Gruiformes"
"3901","Guaruba guarouba","Psittaciformes"
"3913","Gymnomystax mexicanus","Passeriformes"
"3925","Gymnorhina tibicen","Passeriformes"
"3937","Haematopus ater","Charadriiformes"
"3949","Haematopus ostralegus","Charadriiformes"
"3961","Haematortyx sanguiniceps","Galliformes"
"3973","Halcyon coromanda","Coraciiformes"
"3985","Halcyon senegalensis","Coraciiformes"
"3997","Halcyon smyrnensis","Coraciiformes"
"4009","Haliaeetus albicilla","Accipitriformes"
"4021","Heliodoxa aurescens","Apodiformes"
"4033","Heliornis fulica","Gruiformes"
"4045","Hemignathus flavus","Passeriformes"
"4057","Hemiphaga novaeseelandiae","Columbiformes"
"4069","Henicorhina leucosticta","Passeriformes"
"4081","Herpetotheres cachinnans","Falconiformes"
"4093","Himantopus himantopus","Charadriiformes"
"4105","Himatione sanguinea","Passeriformes"
"4117","Hirundo aethiopica","Passeriformes"
"4129","Hirundo albigularis","Passeriformes"
"4141","Hirundo angolensis","Passeriformes"
"4153","Hirundo atrocaerulea","Passeriformes"
"4165","Hirundo dimidiata","Passeriformes"
"4177","Hirundo neoxena","Passeriformes"
"4189","Hirundo nigrita","Passeriformes"
"4201","Hirundo smithii","Passeriformes"
"4213","Hirundo tahitica","Passeriformes"
"4225","Hydrophasianus chirurgus","Charadriiformes"
"4237","Hylia prasina","Passeriformes"
"4249","Hyliota flavigaster","Passeriformes"
"4261","Hylocharis cyanus","Apodiformes"
"4273","Hypocryptadius cinnamomeus","Passeriformes"
"4285","Ifrita kowaldi","Passeriformes"
"4297","Indicator maculatus","Piciformes"
"4309","Indicator xanthonotus","Piciformes"
"4321","Irena cyanogastra","Passeriformes"
"4333","Ithaginis cruentus","Galliformes"
"4345","Ixobrychus cinnamomeus","Pelecaniformes"
"4357","Ixobrychus eurhythmus","Pelecaniformes"
"4369","Ixobrychus flavicollis","Pelecaniformes"
"4381","Ixobrychus sinensis","Pelecaniformes"
"4393","Jacana jacana","Charadriiformes"
"4405","Jacana spinosa","Charadriiformes"
"4417","Jynx ruficollis","Piciformes"
"4429","Jynx torquilla","Piciformes"
"4441","Lagopus lagopus","Galliformes"
"4453","Lagopus muta","Galliformes"
"4465","Lanius cristatus","Passeriformes"
"4477","Lanius ludovicianus","Passeriformes"
"4489","Lanius schach","Passeriformes"
"4501","Lanius tephronotus","Passeriformes"
"4513","Lanius tigrinus","Passeriformes"
"4525","Larus crassirostris","Charadriiformes"
"4537","Larus dominicanus","Charadriiformes"
"4549","Leiothrix argentauris","Passeriformes"
"4561","Leiothrix lutea","Passeriformes"
"4573","Lepidocolaptes angustirostris","Passeriformes"
"4585","Lepidothrix coronata","Passeriformes"
"4597","Leptotila verreauxi","Columbiformes"
"4609","Leucopsar rothschildi","Passeriformes"
"4621","Leucosticte arctoa","Passeriformes"
"4633","Leucosticte brandti","Passeriformes"
"4645","Limosa haemastica","Charadriiformes"
"4657","Limosa lapponica","Charadriiformes"
"4669","Locustella pryeri","Passeriformes"
"4681","Lonchura caniceps","Passeriformes"
"4693","Lonchura castaneothorax","Passeriformes"
"4705","Lonchura flaviprymna","Passeriformes"
"4717","Lonchura forbesi","Passeriformes"
"4729","Lonchura grandis","Passeriformes"
"4741","Lonchura hunsteini","Passeriformes"
"4753","Lonchura leucosticta","Passeriformes"
"4765","Lonchura melaena","Passeriformes"
"4777","Lonchura nevermanni","Passeriformes"
"4789","Lonchura nigerrima","Passeriformes"
"4801","Lonchura punctulata","Passeriformes"
"4813","Lonchura spectabilis","Passeriformes"
"4825","Lonchura striata","Passeriformes"
"4837","Lonchura stygia","Passeriformes"
"4849","Lophophorus impejanus","Galliformes"
"4861","Lophophorus lhuysii","Galliformes"
"4873","Lophophorus sclateri","Galliformes"
"4885","Lophornis magnificus","Apodiformes"
"4897","Lophura ignita","Galliformes"
"4909","Lophura nycthemera","Galliformes"
"4921","Lophura swinhoii","Galliformes"
"4933","Loxia curvirostra","Passeriformes"
"4945","Loxia leucoptera","Passeriformes"
"4957","Loxops caeruleirostris","Passeriformes"
"4969","Loxops coccineus","Passeriformes"
"4981","Machaerirhynchus nigripectus","Passeriformes"
"4993","Macroagelaius imthurni","Passeriformes"
"5005","Malurus elegans","Passeriformes"
"5017","Malurus melanocephalus","Passeriformes"
"5029","Megaceryle lugubris","Coraciiformes"
"5041","Megalaima virens","Piciformes"
"5053","Melamprosops phaeosoma","Passeriformes"
"5065","Melanocharis versteri","Passeriformes"
"5077","Melanocorypha mongolica","Passeriformes"
"5089","Meleagris gallopavo","Galliformes"
"5101","Melophus lathami","Passeriformes"
"5113","Melopsittacus undulatus","Psittaciformes"
"5125","Menura novaehollandiae","Passeriformes"
"5137","Mergus merganser","Anseriformes"
"5149","Mergus squamatus","Anseriformes"
"5161","Merops viridis","Coraciiformes"
"5173","Mesembrinibis cayennensis","Pelecaniformes"
"5185","Micrastur gilvicollis","Falconiformes"
"5197","Milvus migrans","Accipitriformes"
"5209","Minla ignotincta","Passeriformes"
"5221","Mionectes oleagineus","Passeriformes"
"5233","Molothrus aeneus","Passeriformes"
"5245","Molothrus ater","Passeriformes"
"5257","Monticola gularis","Passeriformes"
"5269","Montifringilla adamsi","Passeriformes"
"5281","Montifringilla nivalis","Passeriformes"
"5293","Motacilla cinerea","Passeriformes"
"5305","Muscicapa griseisticta","Passeriformes"
"5317","Muscicapa sibirica","Passeriformes"
"5329","Mycerobas carnipes","Passeriformes"
"5341","Myiagra hebetior","Passeriformes"
"5353","Myiopsitta monachus","Psittaciformes"
"5365","Mystacornis crossleyi","Passeriformes"
"5377","Myzornis pyrrhoura","Passeriformes"
"5389","Napothera epilepidota","Passeriformes"
"5401","Neodrepanis coruscans","Passeriformes"
"5413","Neophema chrysogaster","Psittaciformes"
"5425","Neopipo cinnamomea","Passeriformes"
"5437","Nesopsar nigerrimus","Passeriformes"
"5449","Nesospiza acunhae","Passeriformes"
"5461","Nestor notabilis","Psittaciformes"
"5473","Netta rufina","Anseriformes"
"5485","Nicator chloris","Passeriformes"
"5497","Niltava davidi","Passeriformes"
"5509","Ninox novaeseelandiae","Strigiformes"
"5521","Ninox scutulata","Strigiformes"
"5533","Ninox strenua","Strigiformes"
"5545","Nipponia nippon","Pelecaniformes"
"5557","Nisaetus alboniger","Accipitriformes"
"5569","Nisaetus nipalensis","Accipitriformes"
"5581","Nothocercus julius","Tinamiformes"
"5593","Nothocercus nigrocapillus","Tinamiformes"
"5605","Nothoprocta ornata","Tinamiformes"
"5617","Nothoprocta pentlandii","Tinamiformes"
"5629","Nothoprocta perdicaria","Tinamiformes"
"5641","Notiomystis cincta","Passeriformes"
"5653","Nucifraga caryocatactes","Passeriformes"
"5665","Nucifraga columbiana","Passeriformes"
"5677","Numenius phaeopus","Charadriiformes"
"5689","Numenius tenuirostris","Charadriiformes"
"5701","Numida meleagris","Galliformes"
"5713","Nycticorax nycticorax","Pelecaniformes"
"5725","Nymphicus hollandicus","Psittaciformes"
"5737","Oceanites oceanicus","Procellariiformes"
"5749","Oceanodroma castro","Procellariiformes"
"5761","Oceanodroma tethys","Procellariiformes"
"5773","Odontophorus gujanensis","Galliformes"
"5785","Oenanthe oenanthe","Passeriformes"
"5797","Onychorhynchus coronatus","Passeriformes"
"5809","Oreocharis arfaki","Passeriformes"
"5821","Oreomystis bairdi","Passeriformes"
"5833","Oreopsar bolivianus","Passeriformes"
"5845","Oreotrochilus melanogaster","Apodiformes"
"5857","Origma solitaria","Passeriformes"
"5869","Oriolus chinensis","Passeriformes"
"5881","Oriolus oriolus","Passeriformes"
"5893","Orthonyx spaldingii","Passeriformes"
"5905","Otidiphaps nobilis","Columbiformes"
"5917","Otis tarda","Gruiformes"
"5929","Otus bakkamoena","Strigiformes"
"5941","Otus scops","Strigiformes"
"5953","Otus sunia","Strigiformes"
"5965","Oxyruncus cristatus","Passeriformes"
"5977","Pachycephala philippinensis","Passeriformes"
"5989","Pachyramphus minor","Passeriformes"
"6001","Padda oryzivora","Passeriformes"
"6013","Pagodroma nivea","Procellariiformes"
"6025","Pandion haliaetus","Accipitriformes"
"6037","Panurus biarmicus","Passeriformes"
"6049","Paradisaea raggiana","Passeriformes"
"6061","Paradoxornis fulvifrons","Passeriformes"
"6073","Pardalotus punctatus","Passeriformes"
"6085","Parophasma galinieri","Passeriformes"
"6097","Paroreomyza montana","Passeriformes"
"6109","Parus major","Passeriformes"
"6121","Parus monticolus","Passeriformes"
"6133","Passer ammodendri","Passeriformes"
"6145","Passer domesticus","Passeriformes"
"6157","Passer montanus","Passeriformes"
"6169","Pavo cristatus","Galliformes"
"6181","Pavo muticus","Galliformes"
"6193","Pelecanoides urinatrix","Procellariiformes"
"6205","Penelope pileata","Galliformes"
"6217","Penelopides panini","Bucerotiformes"
"6229","Perdix dauurica","Galliformes"
"6241","Perdix hodgsoniae","Galliformes"
"6253","Perdix perdix","Galliformes"
"6265","Pericrocotus ethologus","Passeriformes"
"6277","Petroica australis","Passeriformes"
"6289","Petroica goodenovii","Passeriformes"
"6301","Petroica macrocephala","Passeriformes"
"6313","Petroica phoenicea","Passeriformes"
"6325","Peucedramus taeniatus","Passeriformes"
"6337","Phaethon rubricauda","Pelecaniformes"
"6349","Phaethornis malaris","Apodiformes"
"6361","Phainopepla nitens","Passeriformes"
"6373","Phalacrocorax auritus","Pelecaniformes"
"6385","Phalacrocorax carbo","Pelecaniformes"
"6397","Phalcoboenus australis","Falconiformes"
"6409","Phasianus colchicus","Galliformes"
"6421","Phasianus versicolor","Galliformes"
"6433","Philesturnus carunculatus","Passeriformes"
"6445","Phoebastria albatrus","Procellariiformes"
"6457","Phoebastria immutabilis","Procellariiformes"
"6469","Phoebastria nigripes","Procellariiformes"
"6481","Phoenicopterus roseus","Phoenicopteriformes"
"6493","Phoenicopterus ruber","Phoenicopteriformes"
"6505","Phoenicurus auroreus","Passeriformes"
"6517","Phoenicurus frontalis","Passeriformes"
"6529","Phylloscopus borealis","Passeriformes"
"6541","Phylloscopus fuscatus","Passeriformes"
"6553","Phylloscopus inornatus","Passeriformes"
"6565","Phylloscopus proregulus","Passeriformes"
"6577","Phylloscopus tenellipes","Passeriformes"
"6589","Piaya cayana","Cuculiformes"
"6601","Pica pica","Passeriformes"
"6613","Picathartes gymnocephalus","Passeriformes"
"6625","Picumnus innominatus","Piciformes"
"6637","Picus canus","Piciformes"
"6649","Pinicola enucleator","Passeriformes"
"6661","Pionites leucogaster","Psittaciformes"
"6673","Piranga bidentata","Passeriformes"
"6685","Piranga erythrocephala","Passeriformes"
"6697","Piranga flava","Passeriformes"
"6709","Piranga hepatica","Passeriformes"
"6721","Piranga leucoptera","Passeriformes"
"6733","Piranga ludoviciana","Passeriformes"
"6745","Piranga lutea","Passeriformes"
"6757","Piranga olivacea","Passeriformes"
"6769","Piranga roseogularis","Passeriformes"
"6781","Piranga rubra","Passeriformes"
"6793","Piranga rubriceps","Passeriformes"
"6805","Pitta sordida","Passeriformes"
"6817","Platalea leucorodia","Pelecaniformes"
"6829","Platalea minor","Pelecaniformes"
"6841","Platysteira castanea","Passeriformes"
"6853","Ploceus nigricollis","Passeriformes"
"6865","Pluvialis squatarola","Charadriiformes"
"6877","Podoces hendersoni","Passeriformes"
"6889","Poicephalus senegalus","Psittaciformes"
"6901","Polioptila caerulea","Passeriformes"
"6913","Polyplectron bicalcaratum","Galliformes"
"6925","Polyplectron germaini","Galliformes"
"6937","Polyplectron malacense","Galliformes"
"6949","Polyplectron napoleonis","Galliformes"
"6961","Pomatorhinus ruficollis","Passeriformes"
"6973","Pomatostomus ruficeps","Passeriformes"
"6985","Porphyrio hochstetteri","Gruiformes"
"6997","Porzana paykullii","Gruiformes"
"7009","Porzana pusilla","Gruiformes"
"7021","Primolius couloni","Psittaciformes"
"7033","Primolius maracana","Psittaciformes"
"7045","Prodotiscus insignis","Piciformes"
"7057","Progne chalybea","Passeriformes"
"7069","Prosthemadera novaeseelandiae","Passeriformes"
"7081","Prunella fulvescens","Passeriformes"
"7093","Prunella himalayana","Passeriformes"
"7105","Prunella montanella","Passeriformes"
"7117","Prunella rubeculoides","Passeriformes"
"7129","Prunella strophiata","Passeriformes"
"7141","Pseudoleistes guirahuro","Passeriformes"
"7153","Pseudoleistes virescens","Passeriformes"
"7165","Pseudonestor xanthophrys","Passeriformes"
"7177","Pseudopodoces humilis","Passeriformes"
"7189","Psittacula alexandri","Psittaciformes"
"7201","Psittacula cyanocephala","Psittaciformes"
"7213","Psittacula derbiana","Psittaciformes"
"7225","Psittacula eupatria","Psittaciformes"
"7237","Psittacula roseata","Psittaciformes"
"7249","Psittirostra psittacea","Passeriformes"
"7261","Psittrichas fulgidus","Psittaciformes"
"7273","Psophia crepitans","Gruiformes"
"7285","Pterocles burchelli","Ciconiiformes"
"7297","Pteruthius melanotis","Passeriformes"
"7309","Ptilopachus petrosus","Galliformes"
"7321","Ptilorrhoa caerulescens","Passeriformes"
"7333","Ptilorrhoa leucosticta","Passeriformes"
"7345","Pucrasia macrolopha","Galliformes"
"7357","Pycnonotus jocosus","Passeriformes"
"7369","Pycnonotus melanicterus","Passeriformes"
"7381","Pycnonotus sinensis","Passeriformes"
"7393","Pycnonotus taivanus","Passeriformes"
"7405","Pycnonotus xanthorrhous","Passeriformes"
"7417","Pygoscelis adeliae","Sphenisciformes"
"7429","Pygoscelis antarcticus","Sphenisciformes"
"7441","Pygoscelis papua","Sphenisciformes"
"7453","Pyrrhocorax graculus","Passeriformes"
"7465","Pyrrhocorax pyrrhocorax","Passeriformes"
"7477","Pyrrhula pyrrhula","Passeriformes"
"7489","Pyrrhura rupicola","Psittaciformes"
"7501","Quiscalus mexicanus","Passeriformes"
"7513","Quiscalus quiscula","Passeriformes"
"7525","Rallus aquaticus","Gruiformes"
"7537","Recurvirostra avosetta","Charadriiformes"
"7549","Regulus calendula","Passeriformes"
"7561","Regulus regulus","Passeriformes"
"7573","Regulus satrapa","Passeriformes"
"7585","Remiz consobrinus","Passeriformes"
"7597","Rhabdornis inornatus","Passeriformes"
"7609","Rhagologus leucostigma","Passeriformes"
"7621","Rhea americana","Rheiformes"
"7633","Rhea pennata","Rheiformes"
"7645","Rhegmatorhina hoffmannsi","Passeriformes"
"7657","Rhinopomastus cyanomelas","Upupiformes"
"7669","Rhipidura dahli","Passeriformes"
"7681","Rhipidura fuliginosa","Passeriformes"
"7693","Rhodinocichla rosea","Passeriformes"
"7705","Rhynchopsitta terrisi","Psittaciformes"
"7717","Rhynochetos jubatus","Gruiformes"
"7729","Rupicola peruvianus","Passeriformes"
"7741","Sakesphorus luctuosus","Passeriformes"
"7753","Saltator similis","Passeriformes"
"7765","Sapayoa aenigma","Passeriformes"
"7777","Sasia ochracea","Piciformes"
"7789","Sclerurus mexicanus","Passeriformes"
"7801","Scolopax rusticola","Charadriiformes"
"7813","Scytalopus superciliaris","Passeriformes"
"7825","Serilophus lunatus","Passeriformes"
"7837","Serinus albogularis","Passeriformes"
"7849","Serinus canaria","Passeriformes"
"7861","Sicalis olivascens","Passeriformes"
"7873","Sitta carolinensis","Passeriformes"
"7885","Sitta europaea","Passeriformes"
"7897","Sitta himalayensis","Passeriformes"
"7909","Sitta nagaensis","Passeriformes"
"7921","Sitta villosa","Passeriformes"
"7933","Smithornis sharpei","Passeriformes"
"7945","Spheniscus demersus","Sphenisciformes"
"7957","Spheniscus humboldti","Sphenisciformes"
"7969","Spheniscus magellanicus","Sphenisciformes"
"7981","Spheniscus mendiculus","Sphenisciformes"
"7993","Spilornis cheela","Accipitriformes"
"8005","Spizaetus tyrannus","Accipitriformes"
"8017","Spizella passerina","Passeriformes"
"8029","Sporophila hypoxantha","Passeriformes"
"8041","Steatornis caripensis","Caprimulgiformes"
"8053","Stercorarius parasiticus","Charadriiformes"
"8065","Sterna hirundo","Charadriiformes"
"8077","Sterna paradisaea","Charadriiformes"
"8089","Streptopelia decaocto","Columbiformes"
"8101","Streptopelia orientalis","Columbiformes"
"8113","Strigops habroptila","Psittaciformes"
"8125","Strix uralensis","Strigiformes"
"8137","Struthidea cinerea","Passeriformes"
"8149","Struthio camelus","Struthioniformes"
"8161","Sturnus cineraceus","Passeriformes"
"8173","Sturnus sericeus","Passeriformes"
"8185","Sturnus vulgaris","Passeriformes"
"8197","Sylvia atricapilla","Passeriformes"
"8209","Sylvia borin","Passeriformes"
"8221","Sylviparus modestus","Passeriformes"
"8233","Synthliboramphus antiquus","Charadriiformes"
"8245","Synthliboramphus wumizusume","Charadriiformes"
"8257","Syrmaticus ellioti","Galliformes"
"8269","Syrmaticus humiae","Galliformes"
"8281","Syrmaticus reevesii","Galliformes"
"8293","Tachuris rubrigastra","Passeriformes"
"8305","Tachybaptus novaehollandiae","Podicipediformes"
"8317","Tachybaptus ruficollis","Podicipediformes"
"8329","Tachycineta albilinea","Passeriformes"
"8341","Tachycineta albiventer","Passeriformes"
"8353","Tachycineta bicolor","Passeriformes"
"8365","Tachycineta cyaneoviridis","Passeriformes"
"8377","Tachycineta euchrysea","Passeriformes"
"8389","Tachycineta leucorrhoa","Passeriformes"
"8401","Tachycineta meyeni","Passeriformes"
"8413","Tachycineta stolzmanni","Passeriformes"
"8425","Tachycineta thalassina","Passeriformes"
"8437","Tadorna ferruginea","Anseriformes"
"8449","Tadorna tadorna","Anseriformes"
"8461","Taeniopygia guttata","Passeriformes"
"8473","Tarsiger cyanurus","Passeriformes"
"8485","Terpsiphone atrocaudata","Passeriformes"
"8497","Tetraogallus himalayensis","Galliformes"
"8509","Tetraogallus tibetanus","Galliformes"
"8521","Tetraophasis obscurus","Galliformes"
"8533","Tetraophasis szechenyii","Galliformes"
"8545","Thraupis episcopus","Passeriformes"
"8557","Threskiornis aethiopicus","Pelecaniformes"
"8569","Thryothorus ludovicianus","Passeriformes"
"8581","Tichodroma muraria","Passeriformes"
"8593","Tinamus major","Tinamiformes"
"8605","Todus mexicanus","Coraciiformes"
"8617","Toxostoma redivivum","Passeriformes"
"8629","Tragopan caboti","Galliformes"
"8641","Tragopan temminckii","Galliformes"
"8653","Tregellasia capito","Passeriformes"
"8665","Tregellasia leucops","Passeriformes"
"8677","Tringa erythropus","Charadriiformes"
"8689","Tringa glareola","Charadriiformes"
"8701","Tringa nebularia","Charadriiformes"
"8713","Tringa ochropus","Charadriiformes"
"8725","Tringa stagnatilis","Charadriiformes"
"8737","Tringa totanus","Charadriiformes"
"8749","Trogon melanurus","Trogoniformes"
"8761","Trogon viridis","Trogoniformes"
"8773","Trugon terrestris","Columbiformes"
"8785","Turdus cardis","Passeriformes"
"8797","Turdus hortulorum","Passeriformes"
"8809","Turdus kessleri","Passeriformes"
"8821","Turdus merula","Passeriformes"
"8833","Turdus migratorius","Passeriformes"
"8845","Turdus philomelos","Passeriformes"
"8857","Turdus ruficollis","Passeriformes"
"8869","Turdus rufiventris","Passeriformes"
"8881","Turnix velox","Charadriiformes"
"8893","Tyrannus savana","Passeriformes"
"8905","Upupa epops","Upupiformes"
"8917","Uragus sibiricus","Passeriformes"
"8929","Urocissa caerulea","Passeriformes"
"8941","Urocolius indicus","Coliiformes"
"8953","Urocynchramus pylzowi","Passeriformes"
"8965","Vanellus cinereus","Charadriiformes"
"8977","Vanellus vanellus","Charadriiformes"
"8989","Vestiaria coccinea","Passeriformes"
"9001","Vidua chalybeata","Passeriformes"
"9013","Vidua macroura","Passeriformes"
"9025","Vireo altiloquus","Passeriformes"
"9037","Vireo olivaceus","Passeriformes"
"9049","Xanthopsar flavus","Passeriformes"
"9061","Xenus cinereus","Charadriiformes"
"9073","Xiphorhynchus elegans","Passeriformes"
"9085","Yuhina diademata","Passeriformes"
"9097","Yuhina nigrimenta","Passeriformes"
"9109","Zenaida auriculata","Columbiformes"
"9121","Zenaida macroura","Columbiformes"
"9133","Zonotrichia albicollis","Passeriformes"
"9145","Zosterops abyssinicus","Passeriformes"
"9157","Zosterops erythropleurus","Passeriformes"
"9169","Zosterops lateralis","Passeriformes"
"9181","Zosterops poliogastrus","Passeriformes"
