"","species_name","order"
"1","Acanthagenys_rufogularis","Passeriformes"
"2","Acanthiza_apicalis","Passeriformes"
"3","Acanthiza_pusilla","Passeriformes"
"4","Acrocephalus_brevipennis","Passeriformes"
"5","Acrocephalus_mendanae","Passeriformes"
"6","Actitis_hypoleucos","Charadriiformes"
"7","Adelomyia_melanogenys","Apodiformes"
"8","Aegithalos_caudatus","Passeriformes"
"9","Aegithalos_concinnus","Passeriformes"
"10","Aethopyga_pulcherrima","Passeriformes"
"11","Agelaius_phoeniceus","Passeriformes"
"12","Alauda_arvensis","Passeriformes"
"13","Alcippe_morrisonia","Passeriformes"
"14","Alectoris_chukar","Galliformes"
"15","Alectoris_rufa","Galliformes"
"16","Alethe_diademata","Passeriformes"
"17","Alethe_poliocephala","Passeriformes"
"18","Alophoixus_ochraceus","Passeriformes"
"19","Alophoixus_pallidus","Passeriformes"
"20","Amazilia_cyanocephala","Apodiformes"
"21","Amazilia_cyanura","Apodiformes"
"22","Amazilia_rutila","Apodiformes"
"23","Amazilia_tzacatl","Apodiformes"
"24","Amazilia_violiceps","Apodiformes"
"25","Amazilia_yucatanensis","Apodiformes"
"26","Amazona_aestiva","Psittaciformes"
"27","Amazona_albifrons","Psittaciformes"
"28","Amazona_leucocephala","Psittaciformes"
"29","Amazona_ochrocephala","Psittaciformes"
"30","Ammodramus_humeralis","Passeriformes"
"31","Amphispiza_bilineata","Passeriformes"
"32","Amytornis_merrotsyi","Passeriformes"
"33","Amytornis_textilis","Passeriformes"
"34","Anairetes_nigrocristatus","Passeriformes"
"35","Anairetes_reguloides","Passeriformes"
"36","Anas_platyrhynchos","Anseriformes"
"37","Anas_poecilorhyncha","Anseriformes"
"38","Anser_anser","Anseriformes"
"39","Anser_cygnoides","Anseriformes"
"40","Anthus_chloris","Passeriformes"
"41","Anthus_correndera","Passeriformes"
"42","Anthus_gustavi","Passeriformes"
"43","Anthus_trivialis","Passeriformes"
"44","Antilophia_galeata","Passeriformes"
"45","Ara_macao","Psittaciformes"
"46","Arachnothera_everetti","Passeriformes"
"47","Arachnothera_longirostra","Passeriformes"
"48","Arremon_aurantiirostris","Passeriformes"
"49","Arremon_brunneinucha","Passeriformes"
"50","Arremon_taciturnus","Passeriformes"
"51","Artamus_cinereus","Passeriformes"
"52","Artamus_cyanopterus","Passeriformes"
"53","Artamus_personatus","Passeriformes"
"54","Artamus_superciliosus","Passeriformes"
"55","Artisornis_metopias","Passeriformes"
"56","Atlapetes_albinucha","Passeriformes"
"57","Atlapetes_personatus","Passeriformes"
"58","Attila_spadiceus","Passeriformes"
"59","Aulacorhynchus_derbianus","Piciformes"
"60","Aulacorhynchus_haematopygus","Piciformes"
"61","Aulacorhynchus_prasinus","Piciformes"
"62","Auriparus_flaviceps","Passeriformes"
"63","Automolus_infuscatus","Passeriformes"
"64","Automolus_ochrolaemus","Passeriformes"
"65","Automolus_rubiginosus","Passeriformes"
"66","Baeolophus_inornatus","Passeriformes"
"67","Bambusicola_thoracicus","Galliformes"
"68","Barnardius_zonarius","Psittaciformes"
"69","Basileuterus_belli","Passeriformes"
"70","Basileuterus_tristriatus","Passeriformes"
"71","Batis_mixta","Passeriformes"
"72","Bleda_canicapillus","Passeriformes"
"73","Bleda_eximius","Passeriformes"
"74","Bleda_notatus","Passeriformes"
"75","Bleda_syndactylus","Passeriformes"
"76","Brachypteryx_montana","Passeriformes"
"77","Bradypterus_graueri","Passeriformes"
"78","Brotogeris_chrysoptera","Psittaciformes"
"79","Brotogeris_cyanoptera","Psittaciformes"
"80","Bubo_bubo","Strigiformes"
"81","Bubulcus_ibis","Pelecaniformes"
"82","Buccanodon_duchaillui","Piciformes"
"83","Bulweria_bulwerii","Procellariiformes"
"84","Burhinus_oedicnemus","Charadriiformes"
"85","Buteo_lineatus","Accipitriformes"
"86","Buthraupis_eximia","Passeriformes"
"87","Calamanthus_campestris","Passeriformes"
"88","Calamanthus_fuliginosus","Passeriformes"
"89","Calandrella_brachydactyla","Passeriformes"
"90","Calandrella_cinerea","Passeriformes"
"91","Calidris_ptilocnemis","Charadriiformes"
"92","Calocitta_formosa","Passeriformes"
"93","Calothorax_lucifer","Apodiformes"
"94","Calyptophilus_tertius","Passeriformes"
"95","Campethera_caroli","Piciformes"
"96","Campethera_nivosa","Piciformes"
"97","Campylopterus_curvipennis","Apodiformes"
"98","Campylopterus_largipennis","Apodiformes"
"99","Campylorhamphus_procurvoides","Passeriformes"
"100","Campylorhynchus_brunneicapillus","Passeriformes"
"101","Campylorhynchus_rufinucha","Passeriformes"
"102","Capito_auratus","Piciformes"
"103","Cardinalis_cardinalis","Passeriformes"
"104","Carpodacus_erythrinus","Passeriformes"
"105","Carpodacus_pulcherrimus","Passeriformes"
"106","Carpodacus_vinaceus","Passeriformes"
"107","Caryothraustes_canadensis","Passeriformes"
"108","Catharus_bicknelli","Passeriformes"
"109","Catharus_frantzii","Passeriformes"
"110","Catharus_fuscater","Passeriformes"
"111","Catharus_fuscescens","Passeriformes"
"112","Catharus_guttatus","Passeriformes"
"113","Catharus_minimus","Passeriformes"
"114","Catharus_ustulatus","Passeriformes"
"115","Celeus_elegans","Piciformes"
"116","Celeus_grammicus","Piciformes"
"117","Celeus_torquatus","Piciformes"
"118","Celeus_undatus","Piciformes"
"119","Cercomacra_cinerascens","Passeriformes"
"120","Certhia_americana","Passeriformes"
"121","Certhia_familiaris","Passeriformes"
"122","Ceyx_lepidus","Coraciiformes"
"123","Ceyx_melanurus","Coraciiformes"
"124","Chalcophaps_indica","Columbiformes"
"125","Chamaea_fasciata","Passeriformes"
"126","Chiroxiphia_caudata","Passeriformes"
"127","Chiroxiphia_pareola","Passeriformes"
"128","Chlorocharis_emiliae","Passeriformes"
"129","Chlorophanes_spiza","Passeriformes"
"130","Chloropsis_cochinchinensis","Passeriformes"
"131","Chloropsis_hardwickii","Passeriformes"
"132","Chlorornis_riefferii","Passeriformes"
"133","Chlorospingus_ophthalmicus","Passeriformes"
"134","Chlorospingus_semifuscus","Passeriformes"
"135","Chondrohierax_uncinatus","Accipitriformes"
"136","Chordeiles_pusillus","Caprimulgiformes"
"137","Chrysolophus_pictus","Galliformes"
"138","Cinclodes_albiventris","Passeriformes"
"139","Cinclosoma_castanotum","Passeriformes"
"140","Cinclosoma_punctatum","Passeriformes"
"141","Cinclus_cinclus","Passeriformes"
"142","Circus_pygargus","Accipitriformes"
"143","Cistothorus_platensis","Passeriformes"
"144","Clangula_hyemalis","Anseriformes"
"145","Climacteris_picumnus","Passeriformes"
"146","Climacteris_rufus","Passeriformes"
"147","Cnemotriccus_fuscatus","Passeriformes"
"148","Coccothraustes_coccothraustes","Passeriformes"
"149","Coccyzus_americanus","Cuculiformes"
"150","Coeligena_coeligena","Apodiformes"
"151","Coeligena_helianthea","Apodiformes"
"152","Coeligena_torquata","Apodiformes"
"153","Coereba_flaveola","Passeriformes"
"154","Colaptes_campestris","Piciformes"
"155","Colibri_thalassinus","Apodiformes"
"156","Collocalia_esculenta","Apodiformes"
"157","Colluricincla_harmonica","Passeriformes"
"158","Colluricincla_megarhyncha","Passeriformes"
"159","Columba_livia","Columbiformes"
"160","Columbina_passerina","Columbiformes"
"161","Conirostrum_cinereum","Passeriformes"
"162","Copsychus_luzoniensis","Passeriformes"
"163","Copsychus_malabaricus","Passeriformes"
"164","Copsychus_saularis","Passeriformes"
"165","Cormobates_leucophaea","Passeriformes"
"166","Corvus_brachyrhynchos","Passeriformes"
"167","Corvus_corax","Passeriformes"
"168","Corvus_corone","Passeriformes"
"169","Corvus_macrorhynchos","Passeriformes"
"170","Corvus_splendens","Passeriformes"
"171","Coryphospingus_cucullatus","Passeriformes"
"172","Cossypha_caffra","Passeriformes"
"173","Cracticus_nigrogularis","Passeriformes"
"174","Cracticus_torquatus","Passeriformes"
"175","Crax_rubra","Galliformes"
"176","Criniger_calurus","Passeriformes"
"177","Cyanerpes_cyaneus","Passeriformes"
"178","Cyanocitta_stelleri","Passeriformes"
"179","Cyanoliseus_patagonus","Psittaciformes"
"180","Cyanopica_cyanus","Passeriformes"
"181","Cyclarhis_gujanensis","Passeriformes"
"182","Cymbilaimus_lineatus","Passeriformes"
"183","Cynanthus_latirostris","Apodiformes"
"184","Cyornis_hainanus","Passeriformes"
"185","Cyornis_rufigastra","Passeriformes"
"186","Dacelo_leachii","Coraciiformes"
"187","Daphoenositta_chrysoptera","Passeriformes"
"188","Dendrexetastes_rufigula","Passeriformes"
"189","Dendrocincla_fuliginosa","Passeriformes"
"190","Dendrocolaptes_certhia","Passeriformes"
"191","Dendrocolaptes_picumnus","Passeriformes"
"192","Dendrocolaptes_platyrostris","Passeriformes"
"193","Dendrocolaptes_sanctithomae","Passeriformes"
"194","Dendrocopos_major","Piciformes"
"195","Dendropicos_fuscescens","Piciformes"
"196","Dicaeum_hypoleucum","Passeriformes"
"197","Dicaeum_trigonostigma","Passeriformes"
"198","Dicrurus_adsimilis","Passeriformes"
"199","Dicrurus_forficatus","Passeriformes"
"200","Dicrurus_hottentottus","Passeriformes"
"201","Dicrurus_leucophaeus","Passeriformes"
"202","Dicrurus_ludwigii","Passeriformes"
"203","Dicrurus_modestus","Passeriformes"
"204","Diglossa_caerulescens","Passeriformes"
"205","Diglossa_cyanea","Passeriformes"
"206","Drymodes_brunneopygia","Passeriformes"
"207","Dryolimnas_cuvieri","Gruiformes"
"208","Elaenia_chiriquensis","Passeriformes"
"209","Elaenia_flavogaster","Passeriformes"
"210","Elaenia_parvirostris","Passeriformes"
"211","Elaenia_ruficeps","Passeriformes"
"212","Emberiza_citrinella","Passeriformes"
"213","Emberiza_godlewskii","Passeriformes"
"214","Emberiza_leucocephalos","Passeriformes"
"215","Emberiza_schoeniclus","Passeriformes"
"216","Emberiza_striolata","Passeriformes"
"217","Emberizoides_herbicola","Passeriformes"
"218","Empidonax_alnorum","Passeriformes"
"219","Empidonax_difficilis","Passeriformes"
"220","Empidonax_flaviventris","Passeriformes"
"221","Empidonax_minimus","Passeriformes"
"222","Empidonax_traillii","Passeriformes"
"223","Empidonax_wrightii","Passeriformes"
"224","Entomyzon_cyanotis","Passeriformes"
"225","Eopsaltria_australis","Passeriformes"
"226","Eopsaltria_griseogularis","Passeriformes"
"227","Epinecrophylla_haematonota","Passeriformes"
"228","Eremophila_alpestris","Passeriformes"
"229","Erithacus_rubecula","Passeriformes"
"230","Estrilda_astrild","Passeriformes"
"231","Eucometis_penicillata","Passeriformes"
"232","Eumyias_albicaudatus","Passeriformes"
"233","Eumyias_panayensis","Passeriformes"
"234","Euphonia_affinis","Passeriformes"
"235","Euphonia_gouldi","Passeriformes"
"236","Falco_cherrug","Falconiformes"
"237","Falco_peregrinus","Falconiformes"
"238","Ficedula_basilanica","Passeriformes"
"239","Ficedula_hyperythra","Passeriformes"
"240","Ficedula_nigrorufa","Passeriformes"
"241","Formicarius_analis","Passeriformes"
"242","Formicarius_colma","Passeriformes"
"243","Formicivora_grisea","Passeriformes"
"244","Formicivora_serrana","Passeriformes"
"245","Forpus_modestus","Psittaciformes"
"246","Forpus_passerinus","Psittaciformes"
"247","Foudia_madagascariensis","Passeriformes"
"248","Foulehaio_carunculatus","Passeriformes"
"249","Fringilla_coelebs","Passeriformes"
"250","Galbula_albirostris","Piciformes"
"251","Galbula_cyanicollis","Piciformes"
"252","Galbula_dea","Piciformes"
"253","Galbula_leucogastra","Piciformes"
"254","Galerida_cristata","Passeriformes"
"255","Gallus_gallus","Galliformes"
"256","Garrulax_canorus","Passeriformes"
"257","Garrulax_chinensis","Passeriformes"
"258","Garrulax_pectoralis","Passeriformes"
"259","Garrulax_taewanus","Passeriformes"
"260","Garrulus_glandarius","Passeriformes"
"261","Geothlypis_aequinoctialis","Passeriformes"
"262","Geothlypis_trichas","Passeriformes"
"263","Gerygone_levigaster","Passeriformes"
"264","Gerygone_magnirostris","Passeriformes"
"265","Gerygone_palpebrosa","Passeriformes"
"266","Glyphorynchus_spirurus","Passeriformes"
"267","Grallaria_hypoleuca","Passeriformes"
"268","Grallaria_rufula","Passeriformes"
"269","Grallaria_squamigera","Passeriformes"
"270","Granatellus_pelzelni","Passeriformes"
"271","Gymnorhina_tibicen","Passeriformes"
"272","Gyps_africanus","Accipitriformes"
"273","Gyps_bengalensis","Accipitriformes"
"274","Habia_fuscicauda","Passeriformes"
"275","Halcyon_senegalensis","Coraciiformes"
"276","Harpactes_ardens","Trogoniformes"
"277","Hemispingus_frontalis","Passeriformes"
"278","Hemithraupis_flavicollis","Passeriformes"
"279","Hemitriccus_diops","Passeriformes"
"280","Hemixos_flavala","Passeriformes"
"281","Henicorhina_leucophrys","Passeriformes"
"282","Henicorhina_leucosticta","Passeriformes"
"283","Herpsilochmus_rufimarginatus","Passeriformes"
"284","Hirundo_rustica","Passeriformes"
"285","Hylexetastes_perrotii","Passeriformes"
"286","Hylia_prasina","Passeriformes"
"287","Hylopezus_macularius","Passeriformes"
"288","Hylophilus_decurtatus","Passeriformes"
"289","Hylophilus_muscicapinus","Passeriformes"
"290","Hylophilus_ochraceiceps","Passeriformes"
"291","Hylophylax_naevius","Passeriformes"
"292","Hypocnemis_cantator","Passeriformes"
"293","Hypocnemis_flavescens","Passeriformes"
"294","Hypothymis_azurea","Passeriformes"
"295","Hypsipetes_leucocephalus","Passeriformes"
"296","Hypsipetes_madagascariensis","Passeriformes"
"297","Icterus_cayanensis","Passeriformes"
"298","Icterus_galbula","Passeriformes"
"299","Icterus_gularis","Passeriformes"
"300","Illadopsis_fulvescens","Passeriformes"
"301","Iole_propinqua","Passeriformes"
"302","Irena_cyanogastra","Passeriformes"
"303","Irena_puella","Passeriformes"
"304","Iridosornis_analis","Passeriformes"
"305","Iridosornis_reinhardti","Passeriformes"
"306","Iridosornis_rufivertex","Passeriformes"
"307","Junco_hyemalis","Passeriformes"
"308","Junco_phaeonotus","Passeriformes"
"309","Lalage_tricolor","Passeriformes"
"310","Lampornis_amethystinus","Apodiformes"
"311","Laniarius_atrococcineus","Passeriformes"
"312","Laniarius_ferrugineus","Passeriformes"
"313","Laniarius_poensis","Passeriformes"
"314","Lanius_collaris","Passeriformes"
"315","Lanius_collurio","Passeriformes"
"316","Lanius_cristatus","Passeriformes"
"317","Larus_argentatus","Charadriiformes"
"318","Larus_canus","Charadriiformes"
"319","Larus_dominicanus","Charadriiformes"
"320","Larus_hyperboreus","Charadriiformes"
"321","Lepidocolaptes_affinis","Passeriformes"
"322","Lepidocolaptes_angustirostris","Passeriformes"
"323","Lepidothrix_coronata","Passeriformes"
"324","Lepidothrix_iris","Passeriformes"
"325","Lepidothrix_nattereri","Passeriformes"
"326","Lepidothrix_vilasboasi","Passeriformes"
"327","Leptopogon_superciliaris","Passeriformes"
"328","Leptopogon_taczanowskii","Passeriformes"
"329","Leucosticte_arctoa","Passeriformes"
"330","Leucosticte_brandti","Passeriformes"
"331","Leucosticte_tephrocotis","Passeriformes"
"332","Lichenostomus_cratitius","Passeriformes"
"333","Lichenostomus_melanops","Passeriformes"
"334","Lichmera_indistincta","Passeriformes"
"335","Liocichla_steerii","Passeriformes"
"336","Locustella_certhiola","Passeriformes"
"337","Locustella_luscinioides","Passeriformes"
"338","Locustella_ochotensis","Passeriformes"
"339","Locustella_pleskei","Passeriformes"
"340","Lonchura_castaneothorax","Passeriformes"
"341","Lonchura_flaviprymna","Passeriformes"
"342","Lophura_nycthemera","Galliformes"
"343","Loxia_curvirostra","Passeriformes"
"344","Loxigilla_violacea","Passeriformes"
"345","Luscinia_brunnea","Passeriformes"
"346","Luscinia_svecica","Passeriformes"
"347","Macronous_striaticeps","Passeriformes"
"348","Malacopteron_cinereum","Passeriformes"
"349","Malacopteron_magnirostre","Passeriformes"
"350","Malacoptila_fusca","Piciformes"
"351","Malacoptila_rufa","Piciformes"
"352","Malurus_amabilis","Passeriformes"
"353","Malurus_cyaneus","Passeriformes"
"354","Malurus_lamberti","Passeriformes"
"355","Malurus_leucopterus","Passeriformes"
"356","Malurus_melanocephalus","Passeriformes"
"357","Malurus_pulcherrimus","Passeriformes"
"358","Malurus_splendens","Passeriformes"
"359","Manacus_manacus","Passeriformes"
"360","Manorina_melanocephala","Passeriformes"
"361","Margarops_fuscatus","Passeriformes"
"362","Megalaima_haemacephala","Piciformes"
"363","Megascops_watsonii","Strigiformes"
"364","Melanerpes_aurifrons","Piciformes"
"365","Melanerpes_carolinus","Piciformes"
"366","Melanerpes_chrysogenys","Piciformes"
"367","Melanerpes_uropygialis","Piciformes"
"368","Meleagris_gallopavo","Galliformes"
"369","Meliphaga_gracilis","Passeriformes"
"370","Meliphaga_notata","Passeriformes"
"371","Melithreptus_albogularis","Passeriformes"
"372","Melithreptus_brevirostris","Passeriformes"
"373","Melithreptus_lunatus","Passeriformes"
"374","Melospiza_lincolnii","Passeriformes"
"375","Melospiza_melodia","Passeriformes"
"376","Melozone_leucotis","Passeriformes"
"377","Merops_apiaster","Coraciiformes"
"378","Metallura_tyrianthina","Apodiformes"
"379","Microbates_cinereiventris","Passeriformes"
"380","Microbates_collaris","Passeriformes"
"381","Microcerculus_marginatus","Passeriformes"
"382","Microligea_palustris","Passeriformes"
"383","Milvus_migrans","Accipitriformes"
"384","Mimus_parvulus","Passeriformes"
"385","Mimus_saturninus","Passeriformes"
"386","Mionectes_oleagineus","Passeriformes"
"387","Momotus_mexicanus","Coraciiformes"
"388","Momotus_momota","Coraciiformes"
"389","Monarcha_castaneiventris","Passeriformes"
"390","Monarcha_cinerascens","Passeriformes"
"391","Monticola_solitarius","Passeriformes"
"392","Montifringilla_nivalis","Passeriformes"
"393","Motacilla_alba","Passeriformes"
"394","Motacilla_cinerea","Passeriformes"
"395","Motacilla_citreola","Passeriformes"
"396","Motacilla_flava","Passeriformes"
"397","Muscicapa_striata","Passeriformes"
"398","Myadestes_genibarbis","Passeriformes"
"399","Myiagra_ruficollis","Passeriformes"
"400","Myiarchus_stolidus","Passeriformes"
"401","Myiarchus_swainsoni","Passeriformes"
"402","Myiarchus_tyrannulus","Passeriformes"
"403","Myioborus_melanocephalus","Passeriformes"
"404","Myioborus_miniatus","Passeriformes"
"405","Myioborus_ornatus","Passeriformes"
"406","Myiopagis_viridicata","Passeriformes"
"407","Myrmeciza_loricata","Passeriformes"
"408","Myrmecocichla_formicivora","Passeriformes"
"409","Myrmoborus_myotherinus","Passeriformes"
"410","Myrmothera_campanisona","Passeriformes"
"411","Myrmotherula_axillaris","Passeriformes"
"412","Myrmotherula_brachyura","Passeriformes"
"413","Myzomela_erythrocephala","Passeriformes"
"414","Myzomela_obscura","Passeriformes"
"415","Myzomela_tristrami","Passeriformes"
"416","Napothera_epilepidota","Passeriformes"
"417","Nectarinia_olivacea","Passeriformes"
"418","Neopelma_chrysocephalum","Passeriformes"
"419","Neopelma_pallescens","Passeriformes"
"420","Neopelma_sulphureiventer","Passeriformes"
"421","Nesillas_lantzii","Passeriformes"
"422","Nesillas_typica","Passeriformes"
"423","Newtonia_amphichroa","Passeriformes"
"424","Newtonia_brunneicauda","Passeriformes"
"425","Ninox_philippensis","Strigiformes"
"426","Numenius_tahitiensis","Charadriiformes"
"427","Oenanthe_hispanica","Passeriformes"
"428","Oenanthe_oenanthe","Passeriformes"
"429","Oenanthe_pleschanka","Passeriformes"
"430","Onychorhynchus_coronatus","Passeriformes"
"431","Oriolus_chinensis","Passeriformes"
"432","Oriolus_flavocinctus","Passeriformes"
"433","Orthorhyncus_cristatus","Apodiformes"
"434","Orthotomus_sericeus","Passeriformes"
"435","Otus_elegans","Strigiformes"
"436","Otus_megalotis","Strigiformes"
"437","Otus_rutilus","Strigiformes"
"438","Pachycephala_caledonica","Passeriformes"
"439","Pachycephala_hypoxantha","Passeriformes"
"440","Pachycephala_melanura","Passeriformes"
"441","Pachycephala_pectoralis","Passeriformes"
"442","Pachycephala_philippinensis","Passeriformes"
"443","Pachyptila_crassirostris","Procellariiformes"
"444","Pandion_haliaetus","Accipitriformes"
"445","Paradisaea_minor","Passeriformes"
"446","Paradisaea_raggiana","Passeriformes"
"447","Paradoxornis_brunneus","Passeriformes"
"448","Pardalotus_punctatus","Passeriformes"
"449","Pardalotus_striatus","Passeriformes"
"450","Paroaria_coronata","Passeriformes"
"451","Parus_major","Passeriformes"
"452","Parus_monticolus","Passeriformes"
"453","Passer_domesticus","Passeriformes"
"454","Passer_hispaniolensis","Passeriformes"
"455","Passer_montanus","Passeriformes"
"456","Passerculus_sandwichensis","Passeriformes"
"457","Passerella_iliaca","Passeriformes"
"458","Passerina_amoena","Passeriformes"
"459","Passerina_cyanea","Passeriformes"
"460","Pelecanoides_urinatrix","Procellariiformes"
"461","Pellorneum_ruficeps","Passeriformes"
"462","Perisoreus_canadensis","Passeriformes"
"463","Phacellodomus_rufifrons","Passeriformes"
"464","Phaenicophilus_palmarum","Passeriformes"
"465","Phaethornis_bourcieri","Apodiformes"
"466","Phaethornis_longirostris","Apodiformes"
"467","Phaethornis_striigularis","Apodiformes"
"468","Phaethornis_superciliosus","Apodiformes"
"469","Phapitreron_leucotis","Columbiformes"
"470","Phasianus_colchicus","Galliformes"
"471","Pheucticus_melanocephalus","Passeriformes"
"472","Philemon_buceroides","Passeriformes"
"473","Philemon_citreogularis","Passeriformes"
"474","Philemon_corniculatus","Passeriformes"
"475","Phoenicircus_carnifex","Passeriformes"
"476","Phoenicircus_nigricollis","Passeriformes"
"477","Phoeniconaias_minor","Phoenicopteriformes"
"478","Phylidonyris_novaehollandiae","Passeriformes"
"479","Phyllastrephus_debilis","Passeriformes"
"480","Phyllastrephus_icterinus","Passeriformes"
"481","Phylloscartes_ventralis","Passeriformes"
"482","Phylloscopus_affinis","Passeriformes"
"483","Phylloscopus_borealis","Passeriformes"
"484","Phylloscopus_canariensis","Passeriformes"
"485","Phylloscopus_cebuensis","Passeriformes"
"486","Phylloscopus_collybita","Passeriformes"
"487","Phylloscopus_goodsoni","Passeriformes"
"488","Phylloscopus_griseolus","Passeriformes"
"489","Phylloscopus_olivaceus","Passeriformes"
"490","Phylloscopus_poliocephalus","Passeriformes"
"491","Phylloscopus_sibilatrix","Passeriformes"
"492","Phylloscopus_trivirgatus","Passeriformes"
"493","Phylloscopus_trochiloides","Passeriformes"
"494","Piaya_cayana","Cuculiformes"
"495","Pica_hudsonia","Passeriformes"
"496","Pica_pica","Passeriformes"
"497","Picoides_villosus","Piciformes"
"498","Picumnus_exilis","Piciformes"
"499","Picus_viridis","Piciformes"
"500","Pinicola_enucleator","Passeriformes"
"501","Pionus_menstruus","Psittaciformes"
"502","Pipilo_maculatus","Passeriformes"
"503","Pipra_aureola","Passeriformes"
"504","Pipra_fasciicauda","Passeriformes"
"505","Pipra_filicauda","Passeriformes"
"506","Pipra_mentalis","Passeriformes"
"507","Piprites_chloris","Passeriformes"
"508","Piranga_flava","Passeriformes"
"509","Piranga_rubra","Passeriformes"
"510","Pithys_albifrons","Passeriformes"
"511","Pitohui_kirhocephalus","Passeriformes"
"512","Platycercus_elegans","Psittaciformes"
"513","Platyrinchus_coronatus","Passeriformes"
"514","Platyrinchus_mystaceus","Passeriformes"
"515","Platysteira_concreta","Passeriformes"
"516","Plectrophenax_nivalis","Passeriformes"
"517","Podiceps_auritus","Podicipediformes"
"518","Poephila_acuticauda","Passeriformes"
"519","Pogoniulus_bilineatus","Piciformes"
"520","Pogoniulus_chrysoconus","Piciformes"
"521","Pogoniulus_pusillus","Piciformes"
"522","Pogoniulus_subsulphureus","Piciformes"
"523","Pogonocichla_stellata","Passeriformes"
"524","Polioptila_caerulea","Passeriformes"
"525","Polioptila_dumicola","Passeriformes"
"526","Polioptila_melanura","Passeriformes"
"527","Polioptila_nigriceps","Passeriformes"
"528","Polioptila_plumbea","Passeriformes"
"529","Polytmus_guainumbi","Apodiformes"
"530","Pomatorhinus_ferruginosus","Passeriformes"
"531","Pomatorhinus_horsfieldii","Passeriformes"
"532","Pomatorhinus_musicus","Passeriformes"
"533","Pomatorhinus_ruficollis","Passeriformes"
"534","Pomatorhinus_schisticeps","Passeriformes"
"535","Pomatostomus_superciliosus","Passeriformes"
"536","Premnoplex_brunnescens","Passeriformes"
"537","Prinia_gracilis","Passeriformes"
"538","Prinia_subflava","Passeriformes"
"539","Prionochilus_maculatus","Passeriformes"
"540","Prionochilus_olivaceus","Passeriformes"
"541","Prunella_collaris","Passeriformes"
"542","Prunella_modularis","Passeriformes"
"543","Psaltriparus_minimus","Passeriformes"
"544","Pterodroma_arminjoniana","Procellariiformes"
"545","Pterodroma_macroptera","Procellariiformes"
"546","Pterodroma_magentae","Procellariiformes"
"547","Pterodroma_phaeopygia","Procellariiformes"
"548","Pterodroma_sandwichensis","Procellariiformes"
"549","Ptilocichla_mindanensis","Passeriformes"
"550","Ptilonorhynchus_violaceus","Passeriformes"
"551","Ptiloris_magnificus","Passeriformes"
"552","Pycnonotus_finlaysoni","Passeriformes"
"553","Pycnonotus_goiavier","Passeriformes"
"554","Pycnonotus_jocosus","Passeriformes"
"555","Pycnonotus_simplex","Passeriformes"
"556","Pycnonotus_sinensis","Passeriformes"
"557","Pycnonotus_urostictus","Passeriformes"
"558","Pygoscelis_adeliae","Sphenisciformes"
"559","Pygoscelis_papua","Sphenisciformes"
"560","Pyriglena_leucoptera","Passeriformes"
"561","Pyrocephalus_rubinus","Passeriformes"
"562","Pyrrhomyias_cinnamomeus","Passeriformes"
"563","Quiscalus_lugubris","Passeriformes"
"564","Quiscalus_mexicanus","Passeriformes"
"565","Quiscalus_quiscula","Passeriformes"
"566","Ramphocaenus_melanurus","Passeriformes"
"567","Ramsayornis_modestus","Passeriformes"
"568","Regulus_calendula","Passeriformes"
"569","Regulus_regulus","Passeriformes"
"570","Regulus_satrapa","Passeriformes"
"571","Rhegmatorhina_gymnops","Passeriformes"
"572","Rhegmatorhina_melanosticta","Passeriformes"
"573","Rhipidura_albicollis","Passeriformes"
"574","Rhipidura_cyaniceps","Passeriformes"
"575","Rhipidura_javanica","Passeriformes"
"576","Rhipidura_nigrocinnamomea","Passeriformes"
"577","Rhipidura_superciliaris","Passeriformes"
"578","Rhopocichla_atriceps","Passeriformes"
"579","Riparia_riparia","Passeriformes"
"580","Saltator_coerulescens","Passeriformes"
"581","Saltator_grossus","Passeriformes"
"582","Saltator_maximus","Passeriformes"
"583","Saltator_striatipectus","Passeriformes"
"584","Sasia_abnormis","Piciformes"
"585","Saxicola_torquatus","Passeriformes"
"586","Schetba_rufa","Passeriformes"
"587","Schiffornis_turdina","Passeriformes"
"588","Schiffornis_virescens","Passeriformes"
"589","Schistochlamys_melanopis","Passeriformes"
"590","Sclerurus_albigularis","Passeriformes"
"591","Sclerurus_caudacutus","Passeriformes"
"592","Sclerurus_mexicanus","Passeriformes"
"593","Sclerurus_rufigularis","Passeriformes"
"594","Sclerurus_scansor","Passeriformes"
"595","Scytalopus_acutirostris","Passeriformes"
"596","Scytalopus_femoralis","Passeriformes"
"597","Scytalopus_latrans","Passeriformes"
"598","Scytalopus_speluncae","Passeriformes"
"599","Scytalopus_spillmanni","Passeriformes"
"600","Seiurus_aurocapilla","Passeriformes"
"601","Selasphorus_platycercus","Apodiformes"
"602","Selasphorus_sasin","Apodiformes"
"603","Sephanoides_sephaniodes","Apodiformes"
"604","Sericornis_magnirostra","Passeriformes"
"605","Sitta_carolinensis","Passeriformes"
"606","Sitta_europaea","Passeriformes"
"607","Sitta_oenochlamys","Passeriformes"
"608","Sitta_tephronota","Passeriformes"
"609","Sittasomus_griseicapillus","Passeriformes"
"610","Smicrornis_brevirostris","Passeriformes"
"611","Sphyrapicus_ruber","Piciformes"
"612","Sphyrapicus_varius","Piciformes"
"613","Spindalis_dominicensis","Passeriformes"
"614","Spizixos_semitorques","Passeriformes"
"615","Sporophila_plumbea","Passeriformes"
"616","Stachyris_nigriceps","Passeriformes"
"617","Stiphrornis_erythrothorax","Passeriformes"
"618","Stipiturus_malachurus","Passeriformes"
"619","Strigops_habroptila","Psittaciformes"
"620","Strix_varia","Strigiformes"
"621","Sturnella_magna","Passeriformes"
"622","Sturnella_neglecta","Passeriformes"
"623","Sturnus_vulgaris","Passeriformes"
"624","Sylvia_atricapilla","Passeriformes"
"625","Sylvia_minula","Passeriformes"
"626","Sylvietta_rufescens","Passeriformes"
"627","Sylvietta_virens","Passeriformes"
"628","Sylviparus_modestus","Passeriformes"
"629","Synallaxis_ruficapilla","Passeriformes"
"630","Synallaxis_rutilans","Passeriformes"
"631","Syndactyla_rufosuperciliata","Passeriformes"
"632","Tachycineta_bicolor","Passeriformes"
"633","Tachyphonus_surinamus","Passeriformes"
"634","Tangara_cayana","Passeriformes"
"635","Tangara_cyanocephala","Passeriformes"
"636","Tangara_gyrola","Passeriformes"
"637","Tarsiger_cyanurus","Passeriformes"
"638","Terenotriccus_erythrurus","Passeriformes"
"639","Terpsiphone_paradisi","Passeriformes"
"640","Terpsiphone_viridis","Passeriformes"
"641","Thalurania_colombica","Apodiformes"
"642","Thalurania_furcata","Apodiformes"
"643","Thalurania_glaucopis","Apodiformes"
"644","Thamnomanes_caesius","Passeriformes"
"645","Thamnophilus_aethiops","Passeriformes"
"646","Thamnophilus_amazonicus","Passeriformes"
"647","Thamnophilus_ambiguus","Passeriformes"
"648","Thamnophilus_atrinucha","Passeriformes"
"649","Thamnophilus_caerulescens","Passeriformes"
"650","Thamnophilus_murinus","Passeriformes"
"651","Thamnophilus_pelzelni","Passeriformes"
"652","Thraupis_episcopus","Passeriformes"
"653","Thraupis_sayaca","Passeriformes"
"654","Threskiornis_aethiopicus","Pelecaniformes"
"655","Thripadectes_holostictus","Passeriformes"
"656","Thryothorus_nigricapillus","Passeriformes"
"657","Tityra_semifasciata","Passeriformes"
"658","Todiramphus_chloris","Coraciiformes"
"659","Todiramphus_sanctus","Coraciiformes"
"660","Todus_angustirostris","Coraciiformes"
"661","Tolmomyias_assimilis","Passeriformes"
"662","Tolmomyias_poliocephalus","Passeriformes"
"663","Toxostoma_cinereum","Passeriformes"
"664","Toxostoma_curvirostre","Passeriformes"
"665","Toxostoma_redivivum","Passeriformes"
"666","Trichastoma_celebense","Passeriformes"
"667","Trichastoma_rostratum","Passeriformes"
"668","Tricholaema_leucomelas","Piciformes"
"669","Tricholestes_criniger","Passeriformes"
"670","Troglodytes_aedon","Passeriformes"
"671","Troglodytes_solstitialis","Passeriformes"
"672","Troglodytes_troglodytes","Passeriformes"
"673","Trogon_collaris","Trogoniformes"
"674","Trogon_melanurus","Trogoniformes"
"675","Trogon_mexicanus","Trogoniformes"
"676","Trogon_personatus","Trogoniformes"
"677","Trogon_rufus","Trogoniformes"
"678","Trogon_violaceus","Trogoniformes"
"679","Trogon_viridis","Trogoniformes"
"680","Turdus_assimilis","Passeriformes"
"681","Turdus_grayi","Passeriformes"
"682","Turdus_ignobilis","Passeriformes"
"683","Turdus_merula","Passeriformes"
"684","Turdus_naumanni","Passeriformes"
"685","Turdus_philomelos","Passeriformes"
"686","Turdus_plumbeus","Passeriformes"
"687","Turdus_poliocephalus","Passeriformes"
"688","Turdus_ruficollis","Passeriformes"
"689","Turdus_rufopalliatus","Passeriformes"
"690","Tyrannus_albogularis","Passeriformes"
"691","Tyrannus_forficatus","Passeriformes"
"692","Tyrannus_savana","Passeriformes"
"693","Tyrannus_verticalis","Passeriformes"
"694","Tyto_alba","Strigiformes"
"695","Upupa_epops","Bucerotiformes"
"696","Uria_aalge","Charadriiformes"
"697","Uria_lomvia","Charadriiformes"
"698","Vanellus_chilensis","Charadriiformes"
"699","Vidua_chalybeata","Passeriformes"
"700","Vidua_codringtoni","Passeriformes"
"701","Vidua_funerea","Passeriformes"
"702","Vidua_purpurascens","Passeriformes"
"703","Vireo_altiloquus","Passeriformes"
"704","Vireo_atricapilla","Passeriformes"
"705","Vireo_bellii","Passeriformes"
"706","Vireo_cassinii","Passeriformes"
"707","Vireo_flavoviridis","Passeriformes"
"708","Vireo_gilvus","Passeriformes"
"709","Vireo_hypochryseus","Passeriformes"
"710","Vireo_leucophrys","Passeriformes"
"711","Vireo_olivaceus","Passeriformes"
"712","Vireo_plumbeus","Passeriformes"
"713","Vireo_solitarius","Passeriformes"
"714","Willisornis_poecilinotus","Passeriformes"
"715","Xenopipo_atronitens","Passeriformes"
"716","Xenops_minutus","Passeriformes"
"717","Xiphorhynchus_flavigaster","Passeriformes"
"718","Xiphorhynchus_fuscus","Passeriformes"
"719","Xiphorhynchus_guttatus","Passeriformes"
"720","Xiphorhynchus_obsoletus","Passeriformes"
"721","Xiphorhynchus_ocellatus","Passeriformes"
"722","Xiphorhynchus_pardalotus","Passeriformes"
"723","Zimmerius_chrysops","Passeriformes"
"724","Zimmerius_gracilipes","Passeriformes"
"725","Zonotrichia_albicollis","Passeriformes"
"726","Zonotrichia_capensis","Passeriformes"
"727","Zosterops_abyssinicus","Passeriformes"
"728","Zosterops_chloris","Passeriformes"
"729","Zosterops_consobrinorum","Passeriformes"
"730","Zosterops_flavifrons","Passeriformes"
"731","Zosterops_japonicus","Passeriformes"
"732","Zosterops_lateralis","Passeriformes"
"733","Zosterops_luteus","Passeriformes"
"734","Zosterops_maderaspatanus","Passeriformes"
"735","Zosterops_montanus","Passeriformes"
"736","Zosterops_pallidus","Passeriformes"
"737","Zosterops_palpebrosus","Passeriformes"
"738","Zosterops_poliogastrus","Passeriformes"
"739","Zosterops_senegalensis","Passeriformes"
